Date,Open,High,Low,Close,Volume,Dividends,Stock Splits
2019/01/02,27.815,27.926,27.168,27.316,3990600,0.0,0.0
2019/01/03,27.331,27.584,27.145,27.309,3603000,0.0,0.0
2019/01/04,26.996,27.748,26.996,27.651,4453500,0.0,0.0
2019/01/07,27.614,28.03,27.532,28.001,5800400,0.0,0.0
2019/01/08,27.964,28.41,27.845,28.402,5718800,0.0,0.0
2019/01/09,28.291,28.432,28.06,28.231,6366300,0.0,0.0
2019/01/10,28.261,28.73,28.15,28.7,4081400,0.0,0.0
2019/01/11,28.693,28.693,28.335,28.544,3506900,0.0,0.0
2019/01/14,28.365,28.425,27.74,28.269,4998500,0.0,0.0
2019/01/15,28.231,28.618,28.135,28.358,5188600,0.0,0.0
2019/01/16,28.231,28.715,28.068,28.626,4644600,0.0,0.0
2019/01/17,28.566,28.931,28.514,28.797,4620600,0.0,0.0
2019/01/18,28.864,29.146,28.678,28.916,3806400,0.0,0.0
2019/01/22,29.005,29.065,28.603,28.826,2972200,0.0,0.0
2019/01/23,28.96,29.31,28.841,29.288,5007300,0.0,0.0
2019/01/24,29.288,29.332,29.02,29.221,3442800,0.0,0.0
2019/01/25,29.094,29.295,28.812,28.856,3054500,0.0,0.0
2019/01/28,28.76,28.953,28.395,28.707,5495000,0.0,0.0
2019/01/29,28.797,28.975,28.551,28.685,3336500,0.0,0.0
2019/01/30,28.596,28.908,28.574,28.826,3547100,0.0,0.0
2019/01/31,28.826,29.228,28.611,29.161,7394500,0.0,0.0
2019/02/01,29.117,29.25,28.685,28.849,7887300,0.0,0.0
2019/02/04,28.38,28.715,28.35,28.67,8885700,0.0,0.0
2019/02/05,28.67,28.826,28.521,28.782,10002500,0.0,0.0
2019/02/06,28.789,29.165,28.759,29.045,6429400,0.38,0.0
2019/02/07,29.052,29.571,28.887,29.533,6999900,0.0,0.0
2019/02/08,29.435,29.713,29.398,29.668,4231200,0.0,0.0
2019/02/11,29.616,29.743,29.443,29.563,3528100,0.0,0.0
2019/02/12,29.623,29.886,29.45,29.691,3809600,0.0,0.0
2019/02/13,29.683,29.781,29.578,29.683,5048700,0.0,0.0
2019/02/14,29.713,29.819,29.435,29.638,3397800,0.0,0.0
2019/02/15,29.811,29.894,29.503,29.743,6692600,0.0,0.0
2019/02/19,29.743,29.796,29.601,29.751,4519400,0.0,0.0
2019/02/20,29.323,29.789,29.03,29.743,6189200,0.0,0.0
2019/02/21,29.653,30.127,29.466,30.089,4820100,0.0,0.0
2019/02/22,30.089,30.6,30.082,30.592,3804300,0.0,0.0
2019/02/25,30.57,30.683,30.277,30.375,4906800,0.0,0.0
2019/02/26,30.45,30.773,30.239,30.638,6306900,0.0,0.0
2019/02/27,30.412,30.66,30.412,30.592,6164700,0.0,0.0
2019/02/28,30.622,30.728,30.367,30.615,6837600,0.0,0.0
2019/03/01,30.57,30.788,30.412,30.728,5018200,0.0,0.0
2019/03/04,30.803,30.87,30.397,30.607,6495200,0.0,0.0
2019/03/05,30.585,30.728,30.329,30.367,5065500,0.0,0.0
2019/03/06,30.45,30.713,30.299,30.592,3737800,0.0,0.0
2019/03/07,30.668,30.976,30.532,30.638,3492400,0.0,0.0
2019/03/08,30.675,30.758,30.412,30.72,3332800,0.0,0.0
2019/03/11,30.803,31.088,30.78,31.073,3555200,0.0,0.0
2019/03/12,31.126,31.344,31.073,31.239,3561800,0.0,0.0
2019/03/13,31.193,31.389,31.171,31.269,3791300,0.0,0.0
2019/03/14,31.329,31.366,30.946,30.961,4062400,0.0,0.0
2019/03/15,31.051,31.051,30.615,30.976,10690400,0.0,0.0
2019/03/18,30.976,31.028,30.81,30.983,3814800,0.0,0.0
2019/03/19,30.953,30.953,30.179,30.36,5154700,0.0,0.0
2019/03/20,30.45,30.773,30.254,30.495,6252600,0.0,0.0
2019/03/21,30.495,31.028,30.465,30.983,2980000,0.0,0.0
2019/03/22,31.013,31.554,30.915,31.381,3805200,0.0,0.0
2019/03/25,31.381,31.464,31.239,31.449,3407100,0.0,0.0
2019/03/26,31.501,31.652,31.374,31.554,3284300,0.0,0.0
2019/03/27,31.592,31.607,31.208,31.344,4854800,0.0,0.0
2019/03/28,31.389,31.517,30.923,31.103,4550700,0.0,0.0
2019/03/29,31.118,31.269,30.968,31.261,5481600,0.0,0.0
2019/04/01,31.201,31.261,30.87,31.141,3686100,0.0,0.0
2019/04/02,31.186,31.224,30.9,31.058,3406900,0.0,0.0
2019/04/03,30.983,31.103,30.758,30.87,4049200,0.0,0.0
2019/04/04,30.946,30.961,29.503,29.631,12163100,0.0,0.0
2019/04/05,30.352,30.84,30.052,30.78,13492200,0.0,0.0
2019/04/08,30.765,30.803,30.262,30.367,5707200,0.0,0.0
2019/04/09,30.292,30.705,30.164,30.69,3467300,0.0,0.0
2019/04/10,30.683,30.946,30.592,30.675,4799600,0.0,0.0
2019/04/11,30.645,30.968,30.592,30.961,4130000,0.0,0.0
2019/04/12,30.818,31.111,30.72,31.081,2557800,0.0,0.0
2019/04/15,31.066,31.216,30.938,31.013,2854400,0.0,0.0
2019/04/16,30.946,31.103,30.375,30.397,3910800,0.0,0.0
2019/04/17,30.435,30.435,30.112,30.224,3115000,0.0,0.0
2019/04/18,30.224,30.653,30.164,30.427,4477100,0.0,0.0
2019/04/22,30.457,30.615,30.314,30.495,2942400,0.0,0.0
2019/04/23,30.502,30.668,30.209,30.607,4088400,0.0,0.0
2019/04/24,30.705,31.276,30.525,30.698,3941600,0.0,0.0
2019/04/25,30.48,31.118,30.465,30.915,3142000,0.0,0.0
2019/04/26,31.021,31.314,31.021,31.163,2819800,0.0,0.0
2019/04/29,31.171,31.209,30.938,31.073,2800300,0.0,0.0
2019/04/30,31.073,31.622,30.961,31.577,4589900,0.0,0.0
2019/05/01,31.426,31.734,31.426,31.517,3545600,0.0,0.0
2019/05/02,31.554,31.682,31.201,31.532,3880200,0.0,0.0
2019/05/03,31.667,31.952,31.554,31.93,3956300,0.0,0.0
2019/05/06,31.733,31.983,31.687,31.763,4577900,0.38,0.0
2019/05/07,31.755,31.945,31.672,31.861,3077200,0.0,0.0
2019/05/08,31.793,31.793,31.376,31.414,5984400,0.0,0.0
2019/05/09,31.445,31.611,31.225,31.354,2600900,0.0,0.0
2019/05/10,31.338,31.952,31.187,31.937,2829800,0.0,0.0
2019/05/13,31.771,32.218,31.748,32.18,3667700,0.0,0.0
2019/05/14,32.112,32.195,31.786,31.915,2748000,0.0,0.0
2019/05/15,31.96,31.998,31.702,31.71,2597900,0.0,0.0
2019/05/16,31.695,32.074,31.589,31.96,2655900,0.0,0.0
2019/05/17,31.717,32.316,31.717,32.195,3145000,0.0,0.0
2019/05/20,32.331,32.513,32.112,32.286,3805800,0.0,0.0
2019/05/21,32.324,32.407,32.119,32.134,2986300,0.0,0.0
2019/05/22,32.187,32.347,31.96,32.324,4032400,0.0,0.0
2019/05/23,32.339,32.764,32.271,32.711,3866100,0.0,0.0
2019/05/24,32.688,32.779,32.46,32.491,2666900,0.0,0.0
2019/05/28,32.506,32.513,31.528,31.566,5841200,0.0,0.0
2019/05/29,31.649,31.649,30.641,31.073,5302200,0.0,0.0
2019/05/30,31.035,31.323,30.959,31.05,2256000,0.0,0.0
2019/05/31,31.156,31.414,31.043,31.263,3368000,0.0,0.0
2019/06/03,31.399,31.642,31.156,31.596,2802600,0.0,0.0
2019/06/04,31.634,31.755,31.058,31.717,2275500,0.0,0.0
2019/06/05,31.854,32.786,31.824,32.65,4374500,0.0,0.0
2019/06/06,32.726,33.006,32.627,32.892,3257800,0.0,0.0
2019/06/07,33.105,33.438,32.62,32.627,4339900,0.0,0.0
2019/06/10,32.627,32.726,32.362,32.612,1983400,0.0,0.0
2019/06/11,32.604,32.695,32.172,32.407,2085600,0.0,0.0
2019/06/12,32.4,32.885,32.4,32.877,2119800,0.0,0.0
2019/06/13,32.946,33.097,32.703,32.862,2404000,0.0,0.0
2019/06/14,32.915,33.4,32.817,33.332,2612200,0.0,0.0
2019/06/17,33.34,33.431,33.059,33.127,2295800,0.0,0.0
2019/06/18,33.4,33.4,32.718,32.983,3519000,0.0,0.0
2019/06/19,32.802,33.12,32.453,32.938,6020700,0.0,0.0
2019/06/20,33.09,33.294,32.688,33.105,2862900,0.0,0.0
2019/06/21,33.12,33.438,32.885,33.112,5969100,0.0,0.0
2019/06/24,33.143,33.211,32.892,33.059,2124800,0.0,0.0
2019/06/25,33.036,33.15,32.908,32.946,3193400,0.0,0.0
2019/06/26,32.892,32.953,32.195,32.241,3092100,0.0,0.0
2019/06/27,32.271,32.422,32.165,32.225,2890600,0.0,0.0
2019/06/28,32.18,32.513,32.127,32.453,6589500,0.0,0.0
2019/07/01,32.513,32.635,32.134,32.4,2740000,0.0,0.0
2019/07/02,32.476,32.983,32.468,32.923,2670200,0.0,0.0
2019/07/03,33.082,33.4,33.021,33.218,1866800,0.0,0.0
2019/07/05,32.999,33.226,32.574,33.15,1773000,0.0,0.0
2019/07/08,33.196,33.302,32.839,33.014,1830100,0.0,0.0
2019/07/09,33.014,33.067,32.711,33.006,2330600,0.0,0.0
2019/07/10,33.097,33.196,32.9,32.968,1836500,0.0,0.0
2019/07/11,32.923,33.196,32.642,33.044,2242300,0.0,0.0
2019/07/12,33.074,33.135,32.733,32.908,3496400,0.0,0.0
2019/07/15,32.847,33.249,32.771,33.249,3525100,0.0,0.0
2019/07/16,33.143,33.272,32.809,33.014,2200700,0.0,0.0
2019/07/17,33.143,33.453,33.12,33.15,2175600,0.0,0.0
2019/07/18,33.188,33.393,32.779,33.378,2542100,0.0,0.0
2019/07/19,33.271,33.506,32.968,32.968,2016700,0.0,0.0
2019/07/22,32.946,33.15,32.718,33.052,2441600,0.0,0.0
2019/07/23,33.036,33.067,32.771,32.839,8221700,0.0,0.0
2019/07/24,33.499,33.507,32.711,33.067,4656600,0.0,0.0
2019/07/25,32.93,33.393,32.809,33.256,5466100,0.0,0.0
2019/07/26,33.355,33.506,33.135,33.4,5713300,0.0,0.0
2019/07/29,33.544,33.719,33.446,33.711,4863200,0.0,0.0
2019/07/30,33.696,33.923,33.218,33.719,5951300,0.0,0.0
2019/07/31,33.704,33.802,33.234,33.332,8288700,0.0,0.0
2019/08/01,33.241,33.855,33.074,33.643,7174700,0.0,0.0
2019/08/02,33.787,33.825,33.408,33.544,9274400,0.0,0.0
2019/08/05,33.514,33.537,32.657,32.93,11384700,0.0,0.0
2019/08/06,33.114,33.32,32.647,33.206,4558800,0.38,0.0
2019/08/07,33.175,33.55,32.793,33.32,2991400,0.0,0.0
2019/08/08,33.328,33.932,33.122,33.84,2392100,0.0,0.0
2019/08/09,33.886,34.123,33.756,33.802,3083400,0.0,0.0
2019/08/12,33.84,34.116,33.733,34.039,2488300,0.0,0.0
2019/08/13,33.71,34.032,33.611,33.787,3188800,0.0,0.0
2019/08/14,33.565,33.817,33.221,33.29,3596000,0.0,0.0
2019/08/15,33.282,33.894,33.282,33.741,4132300,0.0,0.0
2019/08/16,33.772,34.215,33.703,34.169,4707000,0.0,0.0
2019/08/19,34.154,34.628,34.07,34.513,4479100,0.0,0.0
2019/08/20,34.559,34.559,34.169,34.36,3097200,0.0,0.0
2019/08/21,34.299,34.804,34.292,34.781,4256200,0.0,0.0
2019/08/22,34.735,35.003,34.613,34.949,3703900,0.0,0.0
2019/08/23,34.942,35.102,34.246,34.406,5017400,0.0,0.0
2019/08/26,34.544,34.773,34.445,34.712,3583300,0.0,0.0
2019/08/27,34.903,35.011,34.712,34.743,4036900,0.0,0.0
2019/08/28,34.835,35.064,34.552,34.812,4650500,0.0,0.0
2019/08/29,35.041,35.202,34.865,35.133,3983800,0.0,0.0
2019/08/30,35.255,35.286,35.011,35.179,4033700,0.0,0.0
2019/09/03,35.194,35.615,35.072,35.592,4112800,0.0,0.0
2019/09/04,35.791,35.982,35.485,35.821,3875200,0.0,0.0
2019/09/05,35.607,35.737,35.423,35.576,2777300,0.0,0.0
2019/09/06,35.622,35.791,35.531,35.699,2254900,0.0,0.0
2019/09/09,35.63,35.89,35.523,35.882,3634900,0.0,0.0
2019/09/10,35.798,35.844,35.385,35.745,5953200,0.0,0.0
2019/09/11,35.622,36.395,35.492,36.395,3527200,0.0,0.0
2019/09/12,36.425,36.785,36.234,36.425,2680500,0.0,0.0
2019/09/13,36.364,36.548,36.135,36.226,2223700,0.0,0.0
2019/09/16,36.249,36.41,36.135,36.372,2130600,0.0,0.0
2019/09/17,36.356,36.838,36.356,36.777,3753800,0.0,0.0
2019/09/18,36.861,36.915,36.555,36.792,2660400,0.0,0.0
2019/09/19,36.907,36.907,36.693,36.792,2366300,0.0,0.0
2019/09/20,36.724,36.823,36.15,36.242,11015800,0.0,0.0
2019/09/23,36.272,36.655,36.211,36.525,3024100,0.0,0.0
2019/09/24,36.616,37.228,36.578,37.052,4051300,0.0,0.0
2019/09/25,37.014,37.381,36.892,37.343,4044400,0.0,0.0
2019/09/26,37.412,37.527,37.19,37.267,2936900,0.0,0.0
2019/09/27,37.182,37.358,36.731,37.037,3375000,0.0,0.0
2019/09/30,37.06,37.167,36.655,36.884,6644800,0.0,0.0
2019/10/01,36.708,36.808,36.471,36.624,3422200,0.0,0.0
2019/10/02,36.555,36.655,36.035,36.181,2882900,0.0,0.0
2019/10/03,36.211,36.563,36.104,36.509,3399700,0.0,0.0
2019/10/04,36.67,36.968,36.448,36.884,1990000,0.0,0.0
2019/10/07,36.746,36.869,36.54,36.731,4201800,0.0,0.0
2019/10/08,36.769,36.769,36.326,36.418,3474800,0.0,0.0
2019/10/09,36.54,36.678,36.402,36.571,2533600,0.0,0.0
2019/10/10,36.395,36.831,36.288,36.632,2136200,0.0,0.0
2019/10/11,36.555,36.915,36.502,36.624,2708300,0.0,0.0
2019/10/14,36.655,36.67,36.188,36.257,2122500,0.0,0.0
2019/10/15,36.295,36.532,36.219,36.402,2599400,0.0,0.0
2019/10/16,36.28,36.571,36.119,36.555,3086100,0.0,0.0
2019/10/17,36.655,36.922,36.532,36.792,2341100,0.0,0.0
2019/10/18,36.693,37.106,36.578,36.999,3488200,0.0,0.0
2019/10/21,37.144,37.19,36.8,37.091,2729000,0.0,0.0
2019/10/22,37.167,37.221,36.899,36.984,2573900,0.0,0.0
2019/10/23,37.159,37.251,36.884,37.022,4456100,0.0,0.0
2019/10/24,36.808,37.106,36.785,36.93,5092700,0.0,0.0
2019/10/25,37.022,37.06,36.425,36.716,3834000,0.0,0.0
2019/10/28,36.601,36.846,36.104,36.15,4501400,0.0,0.0
2019/10/29,36.104,36.502,36.089,36.387,4907900,0.0,0.0
2019/10/30,36.418,36.854,36.341,36.586,5655600,0.0,0.0
2019/10/31,36.639,36.961,36.54,36.953,4639600,0.0,0.0
2019/11/01,37.052,37.167,36.846,36.984,4608800,0.0,0.0
2019/11/04,37.473,37.481,36.494,36.708,6826300,0.0,0.0
2019/11/05,36.456,36.777,35.928,36.188,7319400,0.0,0.0
2019/11/06,36.165,36.589,36.157,36.319,9065900,0.38,0.0
2019/11/07,35.995,36.219,35.741,36.019,9812200,0.0,0.0
2019/11/08,35.903,36.003,35.633,35.918,4341200,0.0,0.0
2019/11/11,35.926,36.011,35.456,35.487,5079600,0.0,0.0
2019/11/12,35.548,35.872,35.518,35.695,4928400,0.0,0.0
2019/11/13,35.834,36.327,35.834,36.173,2819400,0.0,0.0
2019/11/14,36.181,36.296,36.026,36.034,4415600,0.0,0.0
2019/11/15,36.127,36.281,35.949,36.265,4621400,0.0,0.0
2019/11/18,36.373,36.581,35.942,36.057,7869500,0.0,0.0
2019/11/19,36.103,36.103,35.772,35.795,4241700,0.0,0.0
2019/11/20,35.849,36.15,35.749,36.134,6151900,0.0,0.0
2019/11/21,36.181,36.219,35.787,35.957,3360400,0.0,0.0
2019/11/22,35.972,36.574,35.918,36.497,6129800,0.0,0.0
2019/11/25,36.62,36.851,36.296,36.79,4607700,0.0,0.0
2019/11/26,36.766,36.882,36.666,36.828,6644700,0.0,0.0
2019/11/27,36.844,36.874,36.489,36.844,5445000,0.0,0.0
2019/11/29,37.005,37.152,36.674,36.766,1463500,0.0,0.0
2019/12/02,36.558,36.759,36.327,36.635,3556400,0.0,0.0
2019/12/03,36.674,36.998,36.658,36.805,2884700,0.0,0.0
2019/12/04,36.851,37.237,36.836,37.152,3159700,0.0,0.0
2019/12/05,37.09,37.337,36.99,37.322,2488900,0.0,0.0
2019/12/06,37.306,37.499,37.237,37.298,2287400,0.0,0.0
2019/12/09,37.306,37.314,37.067,37.098,3322400,0.0,0.0
2019/12/10,37.059,37.206,36.867,36.998,2807400,0.0,0.0
2019/12/11,37.021,37.113,36.759,37.021,2967800,0.0,0.0
2019/12/12,36.975,37.229,36.759,36.89,2593400,0.0,0.0
2019/12/13,36.813,37.044,36.566,36.967,3382900,0.0,0.0
2019/12/16,37.09,37.406,36.874,37.399,4100900,0.0,0.0
2019/12/17,37.476,37.584,37.183,37.221,3699500,0.0,0.0
2019/12/18,37.352,37.499,37.098,37.406,3141400,0.0,0.0
2019/12/19,37.383,37.561,37.229,37.553,4581100,0.0,0.0
2019/12/20,37.699,37.815,37.499,37.638,5295300,0.0,0.0
2019/12/23,37.645,37.73,37.183,37.306,2546100,0.0,0.0
2019/12/24,37.329,37.429,37.237,37.375,958300,0.0,0.0
2019/12/26,37.352,37.483,37.26,37.399,1778000,0.0,0.0
2019/12/27,37.383,37.422,37.214,37.306,2587100,0.0,0.0
2019/12/30,37.229,37.383,37.129,37.383,1883300,0.0,0.0
2019/12/31,37.383,37.476,37.144,37.468,2929700,0.0,0.0
2020/01/02,37.437,37.437,36.389,36.643,4639300,0.0,0.0
2020/01/03,36.543,36.743,36.481,36.589,2970900,0.0,0.0
2020/01/06,36.62,36.782,36.489,36.659,2474900,0.0,0.0
2020/01/07,36.481,36.766,36.42,36.635,2187700,0.0,0.0
2020/01/08,36.736,36.897,36.628,36.712,2700000,0.0,0.0
2020/01/09,36.666,36.99,36.643,36.905,2249100,0.0,0.0
2020/01/10,37.005,37.221,36.697,36.728,4093200,0.0,0.0
2020/01/13,36.774,37.059,36.774,36.828,2537200,0.0,0.0
2020/01/14,36.79,37.052,36.581,37.036,3167800,0.0,0.0
2020/01/15,37.136,37.514,37.121,37.352,2789400,0.0,0.0
2020/01/16,37.129,37.753,37.129,37.607,3425700,0.0,0.0
2020/01/17,37.676,37.884,37.391,37.823,3251200,0.0,0.0
2020/01/21,37.707,38.023,37.653,38.008,2854100,0.0,0.0
2020/01/22,38.185,38.478,38.116,38.463,3359100,0.0,0.0
2020/01/23,38.424,38.833,38.362,38.817,3138600,0.0,0.0
2020/01/24,38.794,39.126,38.609,38.91,2428700,0.0,0.0
2020/01/27,38.871,39.141,38.57,38.748,2647000,0.0,0.0
2020/01/28,38.794,39.187,38.755,39.079,2614700,0.0,0.0
2020/01/29,39.102,39.372,38.979,39.295,2948400,0.0,0.0
2020/01/30,39.233,39.349,38.941,39.303,4560600,0.0,0.0
2020/01/31,39.287,39.357,38.84,39.156,5893300,0.0,0.0
2020/02/03,39.287,39.727,39.195,39.704,3456000,0.0,0.0
2020/02/04,39.711,40.29,39.588,39.696,4569100,0.0,0.0
2020/02/05,39.65,40.135,39.627,40.02,3103400,0.0,0.0
2020/02/06,40.028,40.113,39.795,39.81,3346500,0.39,0.0
2020/02/07,39.639,40.02,39.453,39.795,2784800,0.0,0.0
2020/02/10,39.81,39.942,39.523,39.896,4385400,0.0,0.0
2020/02/11,40.028,40.152,39.896,40.035,2588700,0.0,0.0
2020/02/12,40.028,40.198,39.849,39.989,2566100,0.0,0.0
2020/02/13,40.066,40.424,39.919,40.377,2374400,0.0,0.0
2020/02/14,40.408,40.579,40.284,40.571,2453900,0.0,0.0
2020/02/18,40.696,40.797,40.494,40.602,2501800,0.0,0.0
2020/02/19,40.595,40.618,40.385,40.509,2511900,0.0,0.0
2020/02/20,40.494,40.548,40.167,40.23,2594500,0.0,0.0
2020/02/21,40.16,40.299,39.919,40.059,5933300,0.0,0.0
2020/02/24,39.787,39.989,39.321,39.328,4427600,0.0,0.0
2020/02/25,39.391,39.515,37.93,37.977,4461100,0.0,0.0
2020/02/26,38.0,38.358,37.511,37.519,4162500,0.0,0.0
2020/02/27,37.332,37.565,35.911,35.911,5322800,0.0,0.0
2020/02/28,35.134,35.134,33.844,34.59,9412800,0.0,0.0
2020/03/02,34.792,36.835,34.699,36.757,5894500,0.0,0.0
2020/03/03,36.664,37.418,35.592,35.67,7906700,0.0,0.0
2020/03/04,36.245,37.682,35.942,37.674,5367300,0.0,0.0
2020/03/05,36.913,37.495,36.167,36.61,6141800,0.0,0.0
2020/03/06,35.522,36.268,34.745,36.105,5994900,0.0,0.0
2020/03/09,33.806,34.373,30.489,33.347,10151900,0.0,0.0
2020/03/10,34.132,35.087,33.34,34.916,7231900,0.0,0.0
2020/03/11,33.938,34.45,32.998,33.503,8592200,0.0,0.0
2020/03/12,31.188,32.322,29.479,29.922,7357000,0.0,0.0
2020/03/13,31.607,32.042,30.077,32.035,6070100,0.0,0.0
2020/03/16,29.285,30.885,26.31,26.644,6701900,0.0,0.0
2020/03/17,27.389,31.452,25.564,31.157,9171700,0.0,0.0
2020/03/18,29.122,30.054,26.069,28.896,7253200,0.0,0.0
2020/03/19,28.99,29.021,26.022,27.956,5291200,0.0,0.0
2020/03/20,27.941,28.508,26.395,26.628,5393500,0.0,0.0
2020/03/23,26.426,27.77,24.857,25.781,6180400,0.0,0.0
2020/03/24,26.574,27.98,26.341,27.56,5400200,0.0,0.0
2020/03/25,27.444,28.966,26.084,27.576,5194400,0.0,0.0
2020/03/26,27.552,30.504,27.514,30.038,4915500,0.0,0.0
2020/03/27,29.021,31.328,28.826,29.984,5803000,0.0,0.0
2020/03/30,30.442,31.778,29.759,31.452,6295900,0.0,0.0
2020/03/31,31.095,31.716,30.38,31.126,7704500,0.0,0.0
2020/04/01,29.774,30.543,29.626,30.186,6979900,0.0,0.0
2020/04/02,29.696,31.475,29.696,31.071,4823500,0.0,0.0
2020/04/03,30.745,31.281,29.176,29.479,3445000,0.0,0.0
2020/04/06,30.582,32.547,30.582,32.128,5157800,0.0,0.0
2020/04/07,32.959,33.215,31.374,31.436,6177600,0.0,0.0
2020/04/08,31.631,33.86,31.382,33.58,3674700,0.0,0.0
2020/04/09,34.0,35.204,34.0,34.761,5735700,0.0,0.0
2020/04/13,34.264,34.567,33.448,34.124,3006200,0.0,0.0
2020/04/14,34.846,35.553,34.644,35.32,3512100,0.0,0.0
2020/04/15,34.427,34.683,33.891,34.14,2454200,0.0,0.0
2020/04/16,34.171,34.924,33.697,34.846,2752700,0.0,0.0
2020/04/17,35.522,36.012,34.8,35.895,2451700,0.0,0.0
2020/04/20,35.592,35.592,34.427,34.559,2836900,0.0,0.0
2020/04/21,34.0,34.132,33.114,33.557,3796200,0.0,0.0
2020/04/22,34.233,34.606,33.534,34.349,2465200,0.0,0.0
2020/04/23,34.528,34.676,33.231,33.425,3190600,0.0,0.0
2020/04/24,31.064,33.635,30.559,32.873,5716700,0.0,0.0
2020/04/27,33.091,34.085,32.967,33.798,4457800,0.0,0.0
2020/04/28,34.186,34.349,32.974,33.122,4192300,0.0,0.0
2020/04/29,33.65,34.054,32.827,32.897,3153600,0.0,0.0
2020/04/30,32.633,32.796,31.553,32.058,3106600,0.0,0.0
2020/05/01,31.755,31.755,31.242,31.724,3313700,0.0,0.0
2020/05/04,31.716,32.097,31.312,31.996,3289900,0.0,0.0
2020/05/05,32.213,32.842,32.19,32.376,2805600,0.0,0.0
2020/05/06,32.439,32.596,31.31,31.365,3960100,0.39,0.0
2020/05/07,31.741,31.945,31.373,31.529,3281000,0.0,0.0
2020/05/08,31.945,32.078,31.467,31.835,2609700,0.0,0.0
2020/05/11,31.647,31.922,31.098,31.694,2901700,0.0,0.0
2020/05/12,31.788,31.992,31.02,31.051,3945300,0.0,0.0
2020/05/13,30.918,31.012,30.361,30.62,3772500,0.0,0.0
2020/05/14,30.306,31.467,29.906,31.333,4154900,0.0,0.0
2020/05/15,31.028,31.318,30.291,30.808,7448100,0.0,0.0
2020/05/18,31.694,32.368,31.671,32.235,3001900,0.0,0.0
2020/05/19,32.086,32.235,31.624,31.647,2477800,0.0,0.0
2020/05/20,31.906,32.023,31.475,31.584,3012400,0.0,0.0
2020/05/21,31.451,31.937,31.388,31.702,2947400,0.0,0.0
2020/05/22,31.624,31.937,31.545,31.867,2802500,0.0,0.0
2020/05/26,32.486,32.635,31.867,31.922,2348200,0.0,0.0
2020/05/27,32.329,32.447,31.804,32.431,5103700,0.0,0.0
2020/05/28,32.972,33.576,32.737,33.474,3658700,0.0,0.0
2020/05/29,33.356,33.607,32.988,33.137,4659100,0.0,0.0
2020/06/01,33.035,33.678,32.855,33.529,2427100,0.0,0.0
2020/06/02,33.709,33.78,33.153,33.772,2844200,0.0,0.0
2020/06/03,34.046,34.431,33.858,34.101,2927700,0.0,0.0
2020/06/04,33.89,33.952,32.902,33.215,3406800,0.0,0.0
2020/06/05,33.623,34.391,33.545,33.929,3603600,0.0,0.0
2020/06/08,33.811,34.58,33.615,34.486,3009000,0.0,0.0
2020/06/09,34.211,34.211,33.545,33.631,2883500,0.0,0.0
2020/06/10,33.772,33.866,33.051,33.129,2604500,0.0,0.0
2020/06/11,32.651,32.651,31.537,31.757,3900500,0.0,0.0
2020/06/12,32.439,32.517,31.184,31.702,3934600,0.0,0.0
2020/06/15,30.981,31.945,30.479,31.733,4195900,0.0,0.0
2020/06/16,32.635,32.745,31.576,31.765,5088900,0.0,0.0
2020/06/17,31.867,31.89,31.216,31.561,3825600,0.0,0.0
2020/06/18,31.365,31.812,31.255,31.765,3441100,0.0,0.0
2020/06/19,32.227,32.227,30.549,30.565,8571000,0.0,0.0
2020/06/22,30.636,31.161,30.212,31.13,4596200,0.0,0.0
2020/06/23,31.482,31.482,30.33,30.408,3753200,0.0,0.0
2020/06/24,30.173,30.283,29.255,29.624,4855700,0.0,0.0
2020/06/25,29.491,29.53,29.005,29.428,3710600,0.0,0.0
2020/06/26,29.279,29.506,28.746,28.895,6094100,0.0,0.0
2020/06/29,29.185,29.789,29.083,29.789,3265600,0.0,0.0
2020/06/30,29.804,30.526,29.671,30.408,5988200,0.0,0.0
2020/07/01,30.479,31.365,30.306,31.271,4357100,0.0,0.0
2020/07/02,31.561,31.616,31.177,31.302,2897300,0.0,0.0
2020/07/06,31.435,31.969,31.184,31.506,4223500,0.0,0.0
2020/07/07,31.224,31.686,31.004,31.561,4239300,0.0,0.0
2020/07/08,31.498,31.921,31.271,31.859,4635600,0.0,0.0
2020/07/09,31.663,31.702,31.13,31.514,3781500,0.0,0.0
2020/07/10,31.514,32.423,31.459,32.361,2784900,0.0,0.0
2020/07/13,32.29,32.533,31.874,32.023,2663300,0.0,0.0
2020/07/14,32.008,32.447,31.835,32.086,7743700,0.0,0.0
2020/07/15,32.643,32.761,32.0,32.008,4429000,0.0,0.0
2020/07/16,31.992,32.486,31.882,32.376,2647100,0.0,0.0
2020/07/17,32.525,33.207,32.423,33.043,3370500,0.0,0.0
2020/07/20,32.862,32.949,32.337,32.353,2761600,0.0,0.0
2020/07/21,32.651,32.659,26.346,26.856,41029600,0.0,0.0
2020/07/22,22.747,23.288,17.917,21.242,135941100,0.0,0.0
2020/07/23,21.728,22.583,21.14,21.485,53410400,0.0,0.0
2020/07/24,21.908,23.641,21.822,23.116,38414300,0.0,0.0
2020/07/27,23.328,23.806,22.151,22.959,21554400,0.0,0.0
2020/07/28,22.739,23.727,22.645,22.849,15827800,0.0,0.0
2020/07/29,23.061,23.312,22.285,22.457,13114200,0.0,0.0
2020/07/30,22.285,22.967,22.151,22.638,10784000,0.0,0.0
2020/07/31,22.504,22.896,22.253,22.739,16410200,0.0,0.0
2020/08/03,22.661,22.967,22.332,22.888,8256100,0.0,0.0
2020/08/04,22.943,23.453,22.787,23.241,8252300,0.0,0.0
2020/08/05,23.437,23.437,22.473,22.692,8269100,0.0,0.0
2020/08/06,22.621,23.368,22.526,23.193,6547700,0.39,0.0
2020/08/07,23.01,23.567,22.987,23.4,9346500,0.0,0.0
2020/08/10,23.527,24.155,23.519,23.893,9298400,0.0,0.0
2020/08/11,23.988,24.099,23.336,23.765,11447800,0.0,0.0
2020/08/12,23.765,24.012,23.567,23.742,5568800,0.0,0.0
2020/08/13,23.702,24.028,23.384,23.527,5798300,0.0,0.0
2020/08/14,23.527,23.654,23.225,23.312,3809400,0.0,0.0
2020/08/17,23.225,23.376,22.923,23.002,4853000,0.0,0.0
2020/08/18,22.939,23.177,22.78,22.955,4098300,0.0,0.0
2020/08/19,22.971,23.01,22.645,22.764,5462700,0.0,0.0
2020/08/20,22.621,22.851,22.422,22.541,6680500,0.0,0.0
2020/08/21,22.605,22.613,22.192,22.343,7311900,0.0,0.0
2020/08/24,22.454,22.565,22.184,22.502,4674100,0.0,0.0
2020/08/25,22.573,22.621,22.176,22.208,4907800,0.0,0.0
2020/08/26,22.072,22.39,21.802,22.263,6497500,0.0,0.0
2020/08/27,22.335,22.494,22.208,22.335,3938300,0.0,0.0
2020/08/28,22.43,22.613,22.247,22.502,4403500,0.0,0.0
2020/08/31,22.573,22.82,22.454,22.724,4799600,0.0,0.0
2020/09/01,22.51,22.772,22.255,22.462,5492400,0.0,0.0
2020/09/02,22.478,23.289,22.438,23.161,7339600,0.0,0.0
2020/09/03,23.4,23.821,23.082,23.36,6132700,0.0,0.0
2020/09/04,23.479,23.718,23.114,23.368,6115400,0.0,0.0
2020/09/08,23.448,23.606,23.106,23.153,4193400,0.0,0.0
2020/09/09,23.328,23.455,23.114,23.161,4385800,0.0,0.0
2020/09/10,23.13,23.416,22.796,23.09,4513000,0.0,0.0
2020/09/11,23.066,23.344,23.05,23.312,2635600,0.0,0.0
2020/09/14,23.328,23.75,23.273,23.575,3526700,0.0,0.0
2020/09/15,23.638,23.742,23.185,23.328,3535600,0.0,0.0
2020/09/16,23.193,23.861,23.169,23.654,2886100,0.0,0.0
2020/09/17,23.44,23.797,22.979,23.686,2988200,0.0,0.0
2020/09/18,23.606,23.67,23.01,23.018,6810100,0.0,0.0
2020/09/21,22.804,23.058,22.565,22.756,3870300,0.0,0.0
2020/09/22,22.756,22.915,22.653,22.708,3733200,0.0,0.0
2020/09/23,22.756,22.939,21.699,21.921,9369500,0.0,0.0
2020/09/24,22.001,22.565,21.921,22.382,6268500,0.0,0.0
2020/09/25,22.327,22.835,22.223,22.732,3314600,0.0,0.0
2020/09/28,22.947,22.963,22.597,22.613,3233000,0.0,0.0
2020/09/29,22.677,22.835,22.351,22.732,2530200,0.0,0.0
2020/09/30,22.835,23.034,22.637,22.82,5065600,0.0,0.0
2020/10/01,22.891,23.066,22.613,22.859,2805900,0.0,0.0
2020/10/02,22.708,23.654,22.573,23.463,4010300,0.0,0.0
2020/10/05,23.575,23.877,23.384,23.773,2878500,0.0,0.0
2020/10/06,23.805,24.457,23.702,24.171,5304200,0.0,0.0
2020/10/07,24.306,24.457,24.139,24.29,3910600,0.0,0.0
2020/10/08,24.377,24.926,24.322,24.862,3400200,0.0,0.0
2020/10/09,24.926,25.101,24.687,24.815,4404700,0.0,0.0
2020/10/12,24.743,25.061,24.703,24.846,5462700,0.0,0.0
2020/10/13,24.687,24.974,24.536,24.886,4297000,0.0,0.0
2020/10/14,24.942,25.188,24.139,24.982,4531700,0.0,0.0
2020/10/15,24.799,25.188,24.759,25.045,2823400,0.0,0.0
2020/10/16,25.093,25.427,24.902,25.188,3910500,0.0,0.0
2020/10/19,25.196,25.562,25.093,25.22,7021900,0.0,0.0
2020/10/20,25.633,25.768,25.26,25.299,5675300,0.0,0.0
2020/10/21,25.164,25.713,25.156,25.697,8604900,0.0,0.0
2020/10/22,25.729,26.444,25.633,26.253,6097900,0.0,0.0
2020/10/23,26.349,26.508,26.094,26.468,4412400,0.0,0.0
2020/10/26,26.261,26.563,26.023,26.484,7173200,0.0,0.0
2020/10/27,26.531,26.714,26.293,26.539,5270000,0.0,0.0
2020/10/28,26.229,26.277,25.077,25.244,7772400,0.0,0.0
2020/10/29,25.188,25.673,24.687,25.284,8632800,0.0,0.0
2020/10/30,24.37,25.021,23.503,23.622,20289700,0.0,0.0
2020/11/02,23.885,24.441,23.622,23.789,7242900,0.0,0.0
2020/11/03,24.131,24.25,23.813,23.94,4528600,0.0,0.0
2020/11/04,23.765,23.996,23.082,23.098,6083500,0.0,0.0
2020/11/05,23.484,24.153,23.46,23.678,5825700,0.39,0.0
2020/11/06,23.71,24.04,23.364,23.42,6045500,0.0,0.0
2020/11/09,24.21,25.023,23.67,23.783,8229300,0.0,0.0
2020/11/10,23.936,24.065,23.452,23.613,8517400,0.0,0.0
2020/11/11,23.621,24.016,23.484,24.0,5508300,0.0,0.0
2020/11/12,23.855,23.92,23.219,23.63,8673300,0.0,0.0
2020/11/13,23.855,23.968,23.597,23.775,3894600,0.0,0.0
2020/11/16,24.121,24.121,22.695,22.961,11704600,0.0,0.0
2020/11/17,22.961,23.404,22.872,23.154,7713400,0.0,0.0
2020/11/18,23.251,23.476,22.896,23.001,7562500,0.0,0.0
2020/11/19,22.985,23.42,22.816,23.396,5780900,0.0,0.0
2020/11/20,22.872,22.921,22.002,22.558,23115000,0.0,0.0
2020/11/23,22.598,22.671,22.3,22.324,5827100,0.0,0.0
2020/11/24,22.389,22.477,21.454,21.478,14354200,0.0,0.0
2020/11/25,21.462,21.583,21.084,21.398,7620900,0.0,0.0
2020/11/27,21.414,21.64,21.341,21.527,2388000,0.0,0.0
2020/11/30,21.43,21.68,21.18,21.398,8524800,0.0,0.0
2020/12/01,21.317,21.922,21.164,21.889,9232000,0.0,0.0
2020/12/02,21.833,22.026,21.632,22.01,4078900,0.0,0.0
2020/12/03,22.01,22.502,21.793,22.477,5808700,0.0,0.0
2020/12/04,22.477,23.428,22.437,23.323,7880300,0.0,0.0
2020/12/07,23.299,23.823,23.203,23.742,8768600,0.0,0.0
2020/12/08,23.565,24.524,23.533,24.379,7772200,0.0,0.0
2020/12/09,24.532,25.039,24.475,24.685,9564600,0.0,0.0
2020/12/10,24.733,24.838,24.226,24.347,4980900,0.0,0.0
2020/12/11,24.25,24.774,24.242,24.475,4884400,0.0,0.0
2020/12/14,24.733,25.039,24.419,24.451,3878400,0.0,0.0
2020/12/15,24.516,25.305,24.387,25.297,4551100,0.0,0.0
2020/12/16,25.337,25.539,24.846,24.902,5221700,0.0,0.0
2020/12/17,25.08,25.241,24.564,24.572,3767400,0.0,0.0
2020/12/18,24.524,24.846,24.266,24.443,9010500,0.0,0.0
2020/12/21,24.185,24.234,23.799,24.161,6369700,0.0,0.0
2020/12/22,24.089,24.242,23.928,24.129,4139600,0.0,0.0
2020/12/23,24.314,24.395,23.597,23.597,4820400,0.0,0.0
2020/12/24,23.678,23.968,23.525,23.911,1935900,0.0,0.0
2020/12/28,23.984,24.475,23.75,23.863,4125400,0.0,0.0
2020/12/29,23.92,24.242,23.783,23.936,4872200,0.0,0.0
2020/12/30,23.976,24.29,23.944,24.258,2667200,0.0,0.0
2020/12/31,24.145,24.685,24.065,24.661,2740000,0.0,0.0
2021/01/04,24.661,24.701,23.646,23.775,5216300,0.0,0.0
2021/01/05,23.766,24.089,23.565,24.04,4482700,0.0,0.0
2021/01/06,24.024,24.548,24.008,24.411,7262200,0.0,0.0
2021/01/07,24.475,24.516,23.863,23.871,4700200,0.0,0.0
2021/01/08,23.895,24.169,23.791,24.097,3207100,0.0,0.0
2021/01/11,24.089,24.604,24.056,24.33,5586600,0.0,0.0
2021/01/12,24.298,24.604,24.129,24.564,4413900,0.0,0.0
2021/01/13,24.653,24.927,24.58,24.806,3194500,0.0,0.0
2021/01/14,24.814,25.305,24.693,25.176,4649500,0.0,0.0
2021/01/15,25.072,25.571,24.782,25.515,4234200,0.0,0.0
2021/01/19,25.7,25.74,24.991,25.064,6089700,0.0,0.0
2021/01/20,24.975,25.281,24.733,25.241,4008800,0.0,0.0
2021/01/21,25.072,25.337,25.007,25.031,3139900,0.0,0.0
2021/01/22,25.039,25.321,24.814,25.192,2895400,0.0,0.0
2021/01/25,25.064,25.684,25.031,25.668,3962900,0.0,0.0
2021/01/26,25.732,25.885,25.491,25.724,5214400,0.0,0.0
2021/01/27,25.418,25.587,24.765,24.862,6183900,0.0,0.0
2021/01/28,24.854,25.249,24.709,24.862,3283500,0.0,0.0
2021/01/29,24.814,25.047,24.483,24.782,7042400,0.0,0.0
2021/02/01,24.741,25.176,24.347,25.12,4870300,0.0,0.0
2021/02/02,25.233,26.135,24.999,25.708,5320800,0.0,0.0
2021/02/03,25.619,26.24,25.563,26.103,5679300,0.0,0.0
2021/02/04,26.144,26.486,25.899,26.282,5397700,0.39,0.0
2021/02/05,26.38,26.625,26.119,26.323,4434200,0.0,0.0
2021/02/08,26.299,26.723,26.054,26.201,5512300,0.0,0.0
2021/02/09,26.233,26.527,26.038,26.527,3660200,0.0,0.0
2021/02/10,26.674,26.674,25.736,25.891,5120200,0.0,0.0
2021/02/11,25.997,26.038,25.279,25.377,4589700,0.0,0.0
2021/02/12,25.304,25.605,25.279,25.475,2494800,0.0,0.0
2021/02/16,25.597,26.193,25.418,26.038,5212900,0.0,0.0
2021/02/17,26.07,26.119,25.687,26.054,5297100,0.0,0.0
2021/02/18,25.76,28.859,25.76,27.929,18824000,0.0,0.0
2021/02/19,27.726,27.929,27.253,27.75,6317600,0.0,0.0
2021/02/22,27.929,28.084,27.342,27.628,3407900,0.0,0.0
2021/02/23,27.799,27.905,27.342,27.342,4190800,0.0,0.0
2021/02/24,27.367,27.995,27.359,27.929,4958000,0.0,0.0
2021/02/25,27.921,28.174,27.244,27.326,4660800,0.0,0.0
2021/02/26,27.456,27.571,26.984,27.024,4230600,0.0,0.0
2021/03/01,27.432,27.775,27.228,27.244,3292300,0.0,0.0
2021/03/02,27.187,27.293,26.747,26.755,3247700,0.0,0.0
2021/03/03,26.763,26.878,26.315,26.829,4283000,0.0,0.0
2021/03/04,26.91,27.293,26.682,27.09,5488800,0.0,0.0
2021/03/05,27.285,27.318,26.519,27.081,5516500,0.0,0.0
2021/03/08,27.302,27.383,27.057,27.212,4057200,0.0,0.0
2021/03/09,27.497,28.076,27.432,27.872,5601500,0.0,0.0
2021/03/10,27.946,28.435,27.929,28.174,3756500,0.0,0.0
2021/03/11,28.027,28.345,27.84,28.256,4867300,0.0,0.0
2021/03/12,28.411,28.549,28.101,28.484,4095100,0.0,0.0
2021/03/15,28.631,28.843,28.378,28.745,2960600,0.0,0.0
2021/03/16,28.655,30.074,28.614,28.998,4756800,0.0,0.0
2021/03/17,29.185,29.446,28.623,28.704,3474400,0.0,0.0
2021/03/18,28.672,28.941,28.207,28.239,4233100,0.0,0.0
2021/03/19,28.264,28.859,27.848,28.427,11060200,0.0,0.0
2021/03/22,28.166,28.484,27.987,28.027,3089100,0.0,0.0
2021/03/23,28.011,28.264,27.864,28.044,3982400,0.0,0.0
2021/03/24,28.003,28.517,27.97,27.995,3908200,0.0,0.0
2021/03/25,28.133,28.174,27.636,27.929,2754500,0.0,0.0
2021/03/26,27.946,28.207,27.669,27.946,3053700,0.0,0.0
2021/03/29,27.872,28.68,27.872,28.549,3519800,0.0,0.0
2021/03/30,28.37,28.606,28.044,28.125,3303800,0.0,0.0
2021/03/31,28.215,28.386,28.052,28.288,3724600,0.0,0.0
2021/04/01,28.182,28.256,27.766,27.978,3901500,0.0,0.0
2021/04/05,28.035,28.476,27.962,28.378,3358700,0.0,0.0
2021/04/06,28.329,28.394,28.182,28.378,5174500,0.0,0.0
2021/04/07,28.443,28.688,28.313,28.566,7387900,0.0,0.0
2021/04/08,28.639,28.712,28.288,28.533,4979800,0.0,0.0
2021/04/09,28.59,28.704,28.264,28.353,1994800,0.0,0.0
2021/04/12,28.353,28.492,28.215,28.288,2355800,0.0,0.0
2021/04/13,28.296,28.737,28.166,28.672,2899800,0.0,0.0
2021/04/14,28.59,28.761,28.492,28.672,2004400,0.0,0.0
2021/04/15,28.672,29.014,28.647,28.965,2365400,0.0,0.0
2021/04/16,29.112,29.267,28.916,29.104,2741200,0.0,0.0
2021/04/19,29.316,29.316,28.932,29.193,2003400,0.0,0.0
2021/04/20,29.177,29.683,29.177,29.585,4509700,0.0,0.0
2021/04/21,29.732,30.066,29.593,30.001,3736600,0.0,0.0
2021/04/22,29.96,29.984,29.56,29.642,3369800,0.0,0.0
2021/04/23,29.691,30.604,29.634,29.927,6012200,0.0,0.0
2021/04/26,29.968,30.107,29.748,29.919,4098900,0.0,0.0
2021/04/27,29.976,30.286,29.846,30.066,3890700,0.0,0.0
2021/04/28,30.172,30.547,30.025,30.514,3160100,0.0,0.0
2021/04/29,30.514,30.824,30.441,30.759,2391800,0.0,0.0
2021/04/30,30.824,30.938,30.588,30.922,3680300,0.0,0.0
2021/05/03,30.987,31.575,30.857,31.248,5370300,0.0,0.0
2021/05/04,31.24,31.297,30.645,30.816,6825500,0.0,0.0
2021/05/05,30.784,30.947,30.343,30.89,3918000,0.0,0.0
2021/05/06,31.021,31.054,30.346,30.832,3654400,0.39,0.0
2021/05/07,30.906,31.12,30.758,30.914,2047600,0.0,0.0
2021/05/10,31.021,31.334,30.988,31.021,2085200,0.0,0.0
2021/05/11,30.947,30.98,30.461,30.651,3172900,0.0,0.0
2021/05/12,30.634,30.684,29.959,30.024,2784400,0.0,0.0
2021/05/13,30.148,31.071,30.082,30.881,4194300,0.0,0.0
2021/05/14,30.824,31.17,30.824,30.988,2825100,0.0,0.0
2021/05/17,31.161,31.252,30.923,31.071,3759900,0.0,0.0
2021/05/18,30.939,31.186,30.857,31.038,1996900,0.0,0.0
2021/05/19,31.005,31.038,30.502,30.815,2232400,0.0,0.0
2021/05/20,30.799,31.343,30.799,31.054,2375800,0.0,0.0
2021/05/21,31.112,31.326,30.997,31.318,1920100,0.0,0.0
2021/05/24,31.433,31.475,31.227,31.244,2327500,0.0,0.0
2021/05/25,31.26,31.392,30.906,30.997,2521600,0.0,0.0
2021/05/26,31.021,31.145,30.898,30.964,2341200,0.0,0.0
2021/05/27,31.096,31.318,30.947,31.203,2870100,0.0,0.0
2021/05/28,31.219,31.302,31.038,31.236,2089300,0.0,0.0
2021/06/01,31.433,31.433,31.112,31.326,2955700,0.0,0.0
2021/06/02,31.409,31.656,31.186,31.425,2958900,0.0,0.0
2021/06/03,31.26,31.837,31.227,31.697,2360200,0.0,0.0
2021/06/04,31.722,31.837,31.499,31.582,2452500,0.0,0.0
2021/06/07,31.648,31.854,31.557,31.779,1977800,0.0,0.0
2021/06/08,31.771,31.796,31.409,31.532,2012100,0.0,0.0
2021/06/09,31.606,31.837,31.458,31.714,3174800,0.0,0.0
2021/06/10,31.779,31.837,31.606,31.829,2365600,0.0,0.0
2021/06/11,31.829,31.977,31.689,31.936,2088200,0.0,0.0
2021/06/14,32.035,32.093,31.788,31.961,1525900,0.0,0.0
2021/06/15,32.002,32.323,31.928,32.035,2316100,0.0,0.0
2021/06/16,32.076,32.2,31.318,31.433,3624800,0.0,0.0
2021/06/17,31.433,31.59,31.038,31.079,2414000,0.0,0.0
2021/06/18,31.178,31.219,30.519,30.593,6189300,0.0,0.0
2021/06/21,30.725,31.194,30.609,31.137,2645700,0.0,0.0
2021/06/22,31.071,31.31,30.881,30.898,1988100,0.0,0.0
2021/06/23,30.708,30.774,30.362,30.445,3420300,0.0,0.0
2021/06/24,30.502,30.684,30.436,30.634,1920200,0.0,0.0
2021/06/25,30.576,31.087,30.56,31.054,2584100,0.0,0.0
2021/06/28,31.145,31.516,31.038,31.359,3571100,0.0,0.0
2021/06/29,31.433,31.458,30.848,30.931,2195000,0.0,0.0
2021/06/30,30.881,30.997,30.453,30.659,3445500,0.0,0.0
2021/07/01,30.675,31.17,30.593,31.03,2692700,0.0,0.0
2021/07/02,31.063,31.178,30.791,30.881,1749600,0.0,0.0
2021/07/06,30.799,31.079,30.486,31.038,2598900,0.0,0.0
2021/07/07,30.997,31.219,30.799,31.194,2412900,0.0,0.0
2021/07/08,30.906,31.161,30.766,30.832,2175800,0.0,0.0
2021/07/09,31.021,31.021,30.609,30.923,2394700,0.0,0.0
2021/07/12,30.807,30.955,30.626,30.881,3024800,0.0,0.0
2021/07/13,30.848,30.972,30.436,30.502,3054000,0.0,0.0
2021/07/14,30.486,30.684,30.379,30.527,2623900,0.0,0.0
2021/07/15,30.445,30.857,30.436,30.832,2574000,0.0,0.0
2021/07/16,30.914,31.343,30.807,31.137,5491000,0.0,0.0
2021/07/19,30.923,31.145,30.412,30.782,4221800,0.0,0.0
2021/07/20,30.89,31.277,30.873,30.997,3652000,0.0,0.0
2021/07/21,31.063,31.153,30.865,30.931,2995000,0.0,0.0
2021/07/22,32.134,32.743,32.027,32.257,12047100,0.0,0.0
2021/07/23,31.722,32.439,31.483,31.697,7695100,0.0,0.0
2021/07/26,31.796,32.282,31.557,31.936,6124700,0.0,0.0
2021/07/27,31.895,32.224,31.483,32.027,6111900,0.0,0.0
2021/07/28,32.101,32.125,31.277,31.425,3265500,0.0,0.0
2021/07/29,31.466,31.565,31.186,31.351,2632600,0.0,0.0
2021/07/30,31.285,31.895,31.269,31.573,6733400,0.0,0.0
2021/08/02,31.573,31.878,31.458,31.689,3467900,0.0,0.0
2021/08/03,31.779,31.977,31.458,31.755,2760200,0.0,0.0
2021/08/04,31.648,31.705,31.087,31.343,3254100,0.0,0.0
2021/08/05,31.451,31.626,31.001,31.609,4001300,0.39,0.0
2021/08/06,31.626,31.742,31.451,31.493,1768700,0.0,0.0
2021/08/09,31.459,31.684,31.318,31.518,3368700,0.0,0.0
2021/08/10,31.559,31.667,31.393,31.509,2190800,0.0,0.0
2021/08/11,31.609,31.959,31.493,31.767,2300200,0.0,0.0
2021/08/12,31.642,31.959,31.568,31.892,1418500,0.0,0.0
2021/08/13,32.05,32.25,31.842,32.167,1752800,0.0,0.0
2021/08/16,32.192,32.583,32.084,32.325,3347900,0.0,0.0
2021/08/17,32.342,32.358,31.809,32.175,2807100,0.0,0.0
2021/08/18,32.192,32.192,31.617,31.817,2822600,0.0,0.0
2021/08/19,31.859,32.55,31.784,32.417,3761600,0.0,0.0
2021/08/20,32.342,32.55,32.117,32.542,2242700,0.0,0.0
2021/08/23,32.575,32.616,32.134,32.308,2394900,0.0,0.0
2021/08/24,32.275,32.308,31.892,32.159,2373900,0.0,0.0
2021/08/25,32.167,32.641,32.0,32.467,1849000,0.0,0.0
2021/08/26,32.475,32.475,32.009,32.084,1614900,0.0,0.0
2021/08/27,32.075,32.275,31.967,32.109,1679500,0.0,0.0
2021/08/30,32.042,32.3,32.0,32.175,1333600,0.0,0.0
2021/08/31,32.15,32.425,32.05,32.358,2132500,0.0,0.0
2021/09/01,32.575,32.983,32.492,32.825,2341400,0.0,0.0
2021/09/02,32.883,33.249,32.833,33.232,2243000,0.0,0.0
2021/09/03,33.083,33.141,32.85,32.958,2979400,0.0,0.0
2021/09/07,32.916,32.916,31.959,32.025,3734600,0.0,0.0
2021/09/08,31.984,32.492,31.884,32.417,2832200,0.0,0.0
2021/09/09,32.292,32.417,31.925,31.942,2238000,0.0,0.0
2021/09/10,31.909,31.942,31.359,31.376,2157900,0.0,0.0
2021/09/13,31.584,31.651,30.96,31.16,2923000,0.0,0.0
2021/09/14,31.343,31.584,31.068,31.176,3568200,0.0,0.0
2021/09/15,31.076,31.651,31.01,31.468,3260700,0.0,0.0
2021/09/16,31.493,31.617,31.051,31.06,1646500,0.0,0.0
2021/09/17,31.06,31.468,30.494,30.577,6896100,0.0,0.0
2021/09/20,30.452,30.735,30.061,30.402,4107800,0.0,0.0
2021/09/21,30.494,30.885,30.419,30.51,2535700,0.0,0.0
2021/09/22,30.71,30.827,30.469,30.685,2076000,0.0,0.0
2021/09/23,30.81,31.035,30.527,30.594,2694900,0.0,0.0
2021/09/24,30.627,30.835,30.577,30.66,1759200,0.0,0.0
2021/09/27,30.66,31.118,30.535,30.569,2055000,0.0,0.0
2021/09/28,30.585,30.677,30.285,30.327,2451600,0.0,0.0
2021/09/29,30.344,30.627,30.169,30.219,3864400,0.0,0.0
2021/09/30,30.244,30.277,29.603,29.653,3379900,0.0,0.0
2021/10/01,29.861,30.161,29.728,29.844,2482700,0.0,0.0
2021/10/04,29.836,30.094,29.711,29.977,4279800,0.0,0.0
2021/10/05,30.094,30.31,29.994,30.152,2194300,0.0,0.0
2021/10/06,30.019,30.577,29.794,30.535,2487200,0.0,0.0
2021/10/07,30.569,30.777,30.252,30.327,2576600,0.0,0.0
2021/10/08,30.236,30.394,30.127,30.152,1701500,0.0,0.0
2021/10/11,29.986,30.177,29.678,29.778,3828800,0.0,0.0
2021/10/12,29.919,29.952,29.603,29.728,3478900,0.0,0.0
2021/10/13,29.611,29.861,29.486,29.669,2711500,0.0,0.0
2021/10/14,29.744,30.419,29.744,30.402,3248800,0.0,0.0
2021/10/15,30.435,30.577,30.277,30.485,3098500,0.0,0.0
2021/10/18,30.36,30.427,29.919,30.111,3850100,0.0,0.0
2021/10/19,30.285,30.793,30.186,30.693,2560700,0.0,0.0
2021/10/20,30.802,31.193,30.802,31.076,2565200,0.0,0.0
2021/10/21,30.985,31.293,30.86,30.993,4926500,0.0,0.0
2021/10/22,31.001,31.501,30.993,31.426,2843900,0.0,0.0
2021/10/25,31.484,31.484,30.976,31.11,4238300,0.0,0.0
2021/10/26,31.16,31.468,31.051,31.384,3343300,0.0,0.0
2021/10/27,31.451,31.509,31.06,31.293,2280000,0.0,0.0
2021/10/28,31.318,31.584,31.276,31.551,2497500,0.0,0.0
2021/10/29,31.318,33.066,31.318,32.075,5722300,0.0,0.0
2021/11/01,32.125,32.333,31.826,32.3,2577900,0.0,0.0
2021/11/02,33.133,33.149,32.275,32.716,5162600,0.0,0.0
2021/11/03,32.608,32.825,32.542,32.675,3515400,0.0,0.0
2021/11/04,32.658,32.927,32.481,32.717,3194500,0.39,0.0
2021/11/05,32.868,33.053,32.767,32.851,2536100,0.0,0.0
2021/11/08,33.314,33.406,32.263,32.38,5992200,0.0,0.0
2021/11/09,32.448,32.591,31.859,32.204,3939900,0.0,0.0
2021/11/10,32.179,32.776,32.179,32.759,4022500,0.0,0.0
2021/11/11,32.616,32.851,32.431,32.818,1927700,0.0,0.0
2021/11/12,32.818,32.834,32.456,32.792,4223000,0.0,0.0
2021/11/15,32.944,33.179,32.784,33.171,2264500,0.0,0.0
2021/11/16,33.196,33.44,33.12,33.28,4172600,0.0,0.0
2021/11/17,33.255,33.272,32.515,32.86,3281700,0.0,0.0
2021/11/18,32.792,33.011,32.195,32.464,2799600,0.0,0.0
2021/11/19,32.481,32.565,31.943,32.397,3108600,0.0,0.0
2021/11/22,32.397,32.834,32.33,32.565,3038000,0.0,0.0
2021/11/23,32.641,32.843,32.406,32.742,1737600,0.0,0.0
2021/11/24,32.759,32.826,32.549,32.717,1406400,0.0,0.0
2021/11/26,32.33,32.49,31.775,31.876,2624200,0.0,0.0
2021/11/29,32.12,32.893,32.12,32.834,4180900,0.0,0.0
2021/11/30,32.591,32.591,31.64,31.666,6638800,0.0,0.0
2021/12/01,31.994,32.515,31.699,31.725,4125500,0.0,0.0
2021/12/02,31.868,32.658,31.792,32.473,3669100,0.0,0.0
2021/12/03,32.624,32.75,32.162,32.658,3338800,0.0,0.0
2021/12/06,32.792,33.373,32.624,33.003,7268800,0.0,0.0
2021/12/07,33.011,33.364,32.969,33.179,2666500,0.0,0.0
2021/12/08,33.297,33.322,32.834,33.129,2148700,0.0,0.0
2021/12/09,33.087,33.331,32.759,33.129,5132200,0.0,0.0
2021/12/10,33.297,33.583,33.137,33.314,2560000,0.0,0.0
2021/12/13,33.297,33.978,33.221,33.776,4960500,0.0,0.0
2021/12/14,33.743,33.835,33.339,33.616,2583200,0.0,0.0
2021/12/15,33.625,33.885,33.339,33.583,4207300,0.0,0.0
2021/12/16,33.591,34.155,33.541,33.894,2555400,0.0,0.0
2021/12/17,33.835,34.045,33.591,33.701,4627000,0.0,0.0
2021/12/20,33.415,33.885,33.263,33.869,2452400,0.0,0.0
2021/12/21,34.054,34.222,33.684,33.835,3064500,0.0,0.0
2021/12/22,33.835,34.23,33.818,34.07,2041000,0.0,0.0
2021/12/23,34.113,34.23,34.02,34.079,1861200,0.0,0.0
2021/12/27,34.02,34.037,33.625,34.012,1560400,0.0,0.0
2021/12/28,34.028,34.482,34.003,34.466,1877400,0.0,0.0
2021/12/29,34.525,34.693,34.398,34.625,1285200,0.0,0.0
2021/12/30,34.735,34.979,34.592,34.777,2386500,0.0,0.0
2021/12/31,34.735,35.105,34.693,34.97,1266500,0.0,0.0
2022/01/03,34.987,34.987,34.331,34.676,3168800,0.0,0.0
2022/01/04,34.701,34.92,34.491,34.541,3451000,0.0,0.0
2022/01/05,34.466,34.76,34.264,34.306,3626600,0.0,0.0
2022/01/06,34.323,34.659,34.222,34.424,2275500,0.0,0.0
2022/01/07,34.634,35.046,34.466,34.819,4266900,0.0,0.0
2022/01/10,34.701,34.987,34.525,34.911,4782200,0.0,0.0
2022/01/11,34.937,35.088,34.474,34.777,4580900,0.0,0.0
2022/01/12,34.701,34.953,34.508,34.819,3404700,0.0,0.0
2022/01/13,34.752,35.063,34.575,34.97,2929000,0.0,0.0
2022/01/14,34.928,35.063,34.449,34.953,4173100,0.0,0.0
2022/01/18,34.768,35.155,34.272,34.97,5393900,0.0,0.0
2022/01/19,34.97,35.264,34.819,34.827,2880600,0.0,0.0
2022/01/20,34.937,35.34,34.777,34.836,4221800,0.0,0.0
2022/01/21,34.911,35.239,34.617,34.752,4916100,0.0,0.0
2022/01/24,34.575,34.794,33.717,34.735,5155000,0.0,0.0
2022/01/25,34.382,35.071,34.213,34.743,4603800,0.0,0.0
2022/01/26,34.701,35.197,34.264,34.609,3776300,0.0,0.0
2022/01/27,34.852,35.063,34.205,34.693,4677200,0.0,0.0
2022/01/28,34.583,35.122,34.348,35.105,3484400,0.0,0.0
2022/01/31,34.81,35.298,34.743,35.281,9046800,0.0,0.0
2022/02/01,35.18,35.281,34.684,35.155,3301800,0.0,0.0
2022/02/02,35.063,35.676,35.004,35.592,4465300,0.0,0.0
2022/02/03,35.508,35.895,35.357,35.819,3887500,0.0,0.0
2022/02/04,35.607,35.743,35.013,35.098,5192900,0.39,0.0
2022/02/07,35.09,35.319,34.954,35.166,3943600,0.0,0.0
2022/02/08,35.336,35.718,35.183,35.607,3492100,0.0,0.0
2022/02/09,35.777,35.938,35.616,35.819,2888000,0.0,0.0
2022/02/10,35.599,35.735,35.064,35.149,3557100,0.0,0.0
2022/02/11,35.633,36.057,35.166,35.268,9063000,0.0,0.0
2022/02/14,35.31,35.463,33.486,34.572,6496100,0.0,0.0
2022/02/15,34.86,34.92,34.088,34.317,3998300,0.0,0.0
2022/02/16,34.3,34.937,34.233,34.86,3793000,0.0,0.0
2022/02/17,34.733,34.971,34.428,34.894,2736300,0.0,0.0
2022/02/18,34.877,35.302,34.597,34.776,8212600,0.0,0.0
2022/02/22,34.844,35.166,34.53,34.75,5141900,0.0,0.0
2022/02/23,34.776,34.937,33.571,33.622,6703900,0.0,0.0
2022/02/24,33.494,33.91,32.9,33.817,5794700,0.0,0.0
2022/02/25,34.173,35.166,34.037,35.098,4016800,0.0,0.0
2022/02/28,34.903,35.59,34.776,35.514,6363700,0.0,0.0
2022/03/01,35.514,35.752,34.801,35.064,4481100,0.0,0.0
2022/03/02,35.166,35.522,35.115,35.361,4114600,0.0,0.0
2022/03/03,35.471,36.159,35.455,35.998,5149100,0.0,0.0
2022/03/04,35.811,36.464,35.582,36.388,5619500,0.0,0.0
2022/03/07,36.481,37.848,36.337,37.822,8965200,0.0,0.0
2022/03/08,37.814,38.17,37.237,37.601,8186700,0.0,0.0
2022/03/09,37.865,38.0,37.364,37.406,7068200,0.0,0.0
2022/03/10,37.169,37.5,36.744,37.364,4788500,0.0,0.0
2022/03/11,37.304,37.669,37.05,37.313,3358300,0.0,0.0
2022/03/14,37.729,38.017,37.296,37.551,3816100,0.0,0.0
2022/03/15,37.831,37.865,37.237,37.5,3182000,0.0,0.0
2022/03/16,37.44,37.686,36.685,37.237,5056700,0.0,0.0
2022/03/17,37.304,37.669,37.135,37.381,4743700,0.0,0.0
2022/03/18,37.364,37.508,36.566,36.609,13233400,0.0,0.0
2022/03/21,36.753,37.177,36.753,36.999,4794700,0.0,0.0
2022/03/22,37.211,37.22,36.626,36.957,3355300,0.0,0.0
2022/03/23,36.957,37.203,36.702,36.923,3325700,0.0,0.0
2022/03/24,36.821,37.474,36.821,37.262,3017600,0.0,0.0
2022/03/25,37.347,38.077,37.262,38.051,3397100,0.0,0.0
2022/03/28,38.051,38.28,37.737,38.263,3105300,0.0,0.0
2022/03/29,38.263,38.586,37.89,38.577,4210600,0.0,0.0
2022/03/30,38.603,38.874,38.382,38.866,4380300,0.0,0.0
2022/03/31,38.891,39.375,38.891,38.917,4439900,0.0,0.0
2022/04/01,38.832,39.587,38.688,39.536,4140400,0.0,0.0
2022/04/04,39.248,39.426,38.815,39.299,4379800,0.0,0.0
2022/04/05,39.434,40.028,39.426,39.579,3189700,0.0,0.0
2022/04/06,39.808,40.724,39.579,40.673,4386300,0.0,0.0
2022/04/07,40.69,40.707,40.173,40.292,4722000,0.0,0.0
2022/04/08,40.512,40.555,40.105,40.283,2320600,0.0,0.0
2022/04/11,40.241,40.487,39.757,39.782,2847300,0.0,0.0
2022/04/12,39.664,40.207,39.579,40.003,2405500,0.0,0.0
2022/04/13,40.054,40.122,39.664,40.02,2347000,0.0,0.0
2022/04/14,40.207,40.385,39.935,40.224,2745500,0.0,0.0
2022/04/18,40.173,40.393,40.003,40.13,2022000,0.0,0.0
2022/04/19,40.351,40.402,40.105,40.309,2815800,0.0,0.0
2022/04/20,40.716,41.267,40.614,41.123,3605700,0.0,0.0
2022/04/21,41.013,41.454,40.809,40.835,2659700,0.0,0.0
2022/04/22,40.207,40.309,39.036,39.044,5208500,0.0,0.0
2022/04/25,39.197,39.197,38.0,38.56,3751100,0.0,0.0
2022/04/26,38.671,38.84,38.162,38.17,3254200,0.0,0.0
2022/04/27,38.408,38.543,37.72,37.966,2863900,0.0,0.0
2022/04/28,38.043,38.195,37.678,37.966,3159600,0.0,0.0
2022/04/29,37.865,37.924,36.668,36.753,4623500,0.0,0.0
2022/05/02,36.923,37.22,35.989,36.439,3137000,0.0,0.0
2022/05/03,36.651,37.245,36.481,36.609,4073800,0.0,0.0
2022/05/04,36.914,37.067,36.108,37.041,4545700,0.0,0.0
2022/05/05,36.964,37.204,36.005,36.374,3315100,0.39,0.0
2022/05/06,36.074,36.656,35.988,36.545,3307700,0.0,0.0
2022/05/09,36.391,36.493,35.766,36.108,4689200,0.0,0.0
2022/05/10,36.125,36.93,35.526,36.005,4817700,0.0,0.0
2022/05/11,36.031,37.161,36.031,36.271,3922300,0.0,0.0
2022/05/12,36.108,36.519,35.586,36.142,3475900,0.0,0.0
2022/05/13,36.425,36.528,35.885,36.399,2609800,0.0,0.0
2022/05/16,36.057,36.425,35.5,35.748,3238200,0.0,0.0
2022/05/17,35.843,36.613,35.534,36.588,3368000,0.0,0.0
2022/05/18,36.707,36.802,36.031,36.194,2780100,0.0,0.0
2022/05/19,36.125,36.288,35.509,35.98,3599700,0.0,0.0
2022/05/20,36.091,36.451,35.646,36.279,4034000,0.0,0.0
2022/05/23,36.639,36.947,36.245,36.562,2402400,0.0,0.0
2022/05/24,36.63,37.11,36.048,37.041,2954700,0.0,0.0
2022/05/25,37.024,37.29,36.853,36.964,3128000,0.0,0.0
2022/05/26,37.17,37.384,37.033,37.093,1936400,0.0,0.0
2022/05/27,37.05,37.418,36.956,37.187,3037800,0.0,0.0
2022/05/31,36.87,37.05,36.588,36.785,3537700,0.0,0.0
2022/06/01,36.819,36.99,36.091,36.442,3210700,0.0,0.0
2022/06/02,36.596,36.733,35.5,36.254,4794800,0.0,0.0
2022/06/03,36.117,36.314,35.791,35.86,3234900,0.0,0.0
2022/06/06,35.971,36.014,35.714,35.817,2941100,0.0,0.0
2022/06/07,35.757,35.928,35.5,35.86,4140400,0.0,0.0
2022/06/08,35.783,36.031,35.372,35.432,3824000,0.0,0.0
2022/06/09,35.483,35.629,34.884,34.918,4500900,0.0,0.0
2022/06/10,34.447,35.081,34.396,34.764,6761200,0.0,0.0
2022/06/13,34.404,34.507,33.128,33.308,5725300,0.0,0.0
2022/06/14,33.351,33.445,32.426,32.871,6034700,0.0,0.0
2022/06/15,33.068,33.282,31.45,31.887,10795200,0.0,0.0
2022/06/16,31.69,31.69,30.919,31.108,4953300,0.0,0.0
2022/06/17,31.185,31.219,30.243,30.748,8361800,0.0,0.0
2022/06/21,30.748,31.09,30.517,30.799,10017200,0.0,0.0
2022/06/22,30.722,31.253,30.697,31.013,5332900,0.0,0.0
2022/06/23,31.219,31.69,31.048,31.647,3652800,0.0,0.0
2022/06/24,31.767,32.255,31.613,31.93,4496200,0.0,0.0
2022/06/27,31.947,32.76,31.887,32.666,3275200,0.0,0.0
2022/06/28,32.863,33.137,32.349,32.358,2223800,0.0,0.0
2022/06/29,32.503,32.769,32.298,32.734,2177900,0.0,0.0
2022/06/30,32.58,33.257,32.435,32.871,3404700,0.0,0.0
2022/07/01,33.137,33.771,32.846,33.676,3460600,0.0,0.0
2022/07/05,33.471,33.565,31.638,32.221,3081200,0.0,0.0
2022/07/06,32.161,32.46,31.801,32.058,2928500,0.0,0.0
2022/07/07,32.152,32.435,31.87,31.878,2732300,0.0,0.0
2022/07/08,31.904,32.024,31.553,31.793,2512800,0.0,0.0
2022/07/11,31.698,32.144,31.561,32.041,1524400,0.0,0.0
2022/07/12,31.801,32.46,31.775,32.032,2272200,0.0,0.0
2022/07/13,31.724,32.229,31.69,31.844,2500300,0.0,0.0
2022/07/14,31.313,32.032,31.313,31.998,2672100,0.0,0.0
2022/07/15,32.229,32.281,31.75,32.084,1817800,0.0,0.0
2022/07/18,32.101,32.349,31.835,32.015,2108400,0.0,0.0
2022/07/19,32.178,32.606,32.084,32.452,2456500,0.0,0.0
2022/07/20,32.563,32.666,32.169,32.272,2703500,0.0,0.0
2022/07/21,32.272,32.401,31.895,32.383,2483800,0.0,0.0
2022/07/22,32.58,32.949,32.538,32.812,1927100,0.0,0.0
2022/07/25,32.709,33.154,32.632,33.068,2007400,0.0,0.0
2022/07/26,33.094,33.651,33.051,33.471,3030200,0.0,0.0
2022/07/27,33.497,34.036,32.949,33.676,4273300,0.0,0.0
2022/07/28,33.771,34.404,33.505,34.37,3538700,0.0,0.0
2022/07/29,34.396,35.457,34.361,35.192,4607600,0.0,0.0
2022/08/01,35.106,35.192,34.404,34.695,3812900,0.0,0.0
2022/08/02,34.781,34.926,33.899,33.976,4066100,0.0,0.0
2022/08/03,33.993,33.993,33.394,33.736,4853100,0.0,0.0
2022/08/04,33.745,33.883,33.347,33.511,4153400,0.39,0.0
2022/08/05,33.503,33.667,32.88,33.183,4194600,0.0,0.0
2022/08/08,33.485,33.676,32.906,33.096,5281700,0.0,0.0
2022/08/09,33.191,33.754,33.07,33.684,11156300,0.0,0.0
2022/08/10,33.875,34.203,33.632,34.186,3627800,0.0,0.0
2022/08/11,34.307,35.103,34.143,34.653,5704900,0.0,0.0
2022/08/12,34.843,35.328,34.705,35.31,3898800,0.0,0.0
2022/08/15,35.345,35.682,35.129,35.639,1975700,0.0,0.0
2022/08/16,35.613,35.829,35.379,35.475,2081700,0.0,0.0
2022/08/17,35.345,35.708,35.319,35.362,1780500,0.0,0.0
2022/08/18,35.328,35.864,35.328,35.622,1848900,0.0,0.0
2022/08/19,35.604,35.743,35.345,35.691,2238800,0.0,0.0
2022/08/22,35.457,35.483,34.809,34.973,2092900,0.0,0.0
2022/08/23,35.059,35.103,34.861,35.008,1743100,0.0,0.0
2022/08/24,35.008,35.457,34.809,35.111,2729400,0.0,0.0
2022/08/25,35.103,35.397,34.956,35.397,1551100,0.0,0.0
2022/08/26,35.457,35.457,34.618,34.757,3442500,0.0,0.0
2022/08/29,34.592,35.068,34.307,34.748,1913600,0.0,0.0
2022/08/30,34.696,34.843,34.247,34.359,1979800,0.0,0.0
2022/08/31,34.316,34.835,34.177,34.203,3355400,0.0,0.0
2022/09/01,34.238,34.817,34.186,34.739,2595700,0.0,0.0
2022/09/02,34.886,35.276,34.428,34.515,2076100,0.0,0.0
2022/09/06,34.575,34.947,34.238,34.35,2887500,0.0,0.0
2022/09/07,34.541,35.648,34.541,35.587,2683200,0.0,0.0
2022/09/08,35.362,35.691,35.189,35.483,3856000,0.0,0.0
2022/09/09,35.63,36.037,35.423,35.898,3353900,0.0,0.0
2022/09/12,35.942,36.227,35.639,36.114,2896500,0.0,0.0
2022/09/13,35.725,36.149,35.397,35.587,5321200,0.0,0.0
2022/09/14,35.604,36.08,35.544,35.838,4764900,0.0,0.0
2022/09/15,35.751,35.751,34.921,34.956,4121100,0.0,0.0
2022/09/16,35.094,35.881,34.956,35.63,16633700,0.0,0.0
2022/09/19,35.492,36.253,35.224,36.201,4208300,0.0,0.0
2022/09/20,35.985,36.019,35.085,35.786,4186600,0.0,0.0
2022/09/21,35.985,36.357,35.431,35.457,6123800,0.0,0.0
2022/09/22,35.475,35.475,34.904,35.016,3306700,0.0,0.0
2022/09/23,34.696,34.705,34.272,34.636,4062300,0.0,0.0
2022/09/26,34.575,34.679,33.062,33.529,3349400,0.0,0.0
2022/09/27,33.693,33.814,32.889,33.044,2997000,0.0,0.0
2022/09/28,33.468,33.615,33.001,33.442,2780300,0.0,0.0
2022/09/29,33.304,33.364,32.128,32.154,4284300,0.0,0.0
2022/09/30,32.292,32.439,31.747,31.998,6156700,0.0,0.0
2022/10/03,32.569,32.906,32.197,32.56,4638100,0.0,0.0
2022/10/04,32.69,33.797,32.577,33.684,3733400,0.0,0.0
2022/10/05,33.209,33.226,32.257,32.664,3624400,0.0,0.0
2022/10/06,32.508,32.577,31.721,31.868,4220800,0.0,0.0
2022/10/07,31.868,31.92,31.003,31.22,4125800,0.0,0.0
2022/10/10,31.393,31.989,31.341,31.825,5720200,0.0,0.0
2022/10/11,31.782,32.361,31.6,31.756,5949900,0.0,0.0
2022/10/12,31.773,31.773,31.133,31.263,4033000,0.0,0.0
2022/10/13,30.917,32.24,30.787,32.102,5693300,0.0,0.0
2022/10/14,32.396,32.707,31.246,31.28,6503700,0.0,0.0
2022/10/17,31.635,32.154,31.522,31.929,3052700,0.0,0.0
2022/10/18,32.309,32.569,31.929,32.266,2742100,0.0,0.0
2022/10/19,31.86,32.318,31.695,31.929,3150100,0.0,0.0
2022/10/20,31.877,31.894,30.969,31.202,2675700,0.0,0.0
2022/10/21,31.176,31.687,30.934,31.488,5001800,0.0,0.0
2022/10/24,31.782,32.015,31.496,31.894,2678300,0.0,0.0
2022/10/25,31.894,32.612,31.86,32.5,4042400,0.0,0.0
2022/10/26,32.724,32.768,31.298,31.462,5790700,0.0,0.0
2022/10/27,31.782,32.543,31.73,32.214,4534300,0.0,0.0
2022/10/28,32.344,32.993,32.231,32.932,3694600,0.0,0.0
2022/10/31,32.871,32.923,32.396,32.612,6060200,0.0,0.0
2022/11/01,32.811,33.252,32.698,33.226,3732100,0.0,0.0
2022/11/02,33.157,33.866,32.846,32.846,3353500,0.0,0.0
2022/11/03,32.482,33.33,32.24,33.044,2440400,0.0,0.0
2022/11/04,33.254,33.333,32.424,33.114,3059300,0.39,0.0
2022/11/07,33.141,33.141,32.057,32.651,4328000,0.0,0.0
2022/11/08,32.73,33.079,32.529,32.905,3903600,0.0,0.0
2022/11/09,32.599,32.861,32.276,32.485,2415700,0.0,0.0
2022/11/10,33.324,34.119,32.913,34.067,2301100,0.0,0.0
2022/11/11,34.084,34.093,32.992,33.167,3297000,0.0,0.0
2022/11/14,33.21,33.21,32.503,32.503,4160300,0.0,0.0
2022/11/15,32.843,33.525,32.826,33.333,5943000,0.0,0.0
2022/11/16,33.272,33.682,33.184,33.245,2796500,0.0,0.0
2022/11/17,32.905,33.027,32.485,32.896,2491100,0.0,0.0
2022/11/18,33.167,33.639,33.009,33.621,3828600,0.0,0.0
2022/11/21,33.612,33.962,33.551,33.735,2857200,0.0,0.0
2022/11/22,33.971,34.189,33.665,34.058,1621000,0.0,0.0
2022/11/23,33.936,34.53,33.936,34.521,1636200,0.0,0.0
2022/11/25,34.6,34.836,34.6,34.827,669700,0.0,0.0
2022/11/28,34.547,34.713,34.381,34.626,2435600,0.0,0.0
2022/11/29,34.39,34.818,34.241,34.774,2398400,0.0,0.0
2022/11/30,34.591,36.094,34.39,36.033,4631200,0.0,0.0
2022/12/01,36.4,36.662,35.963,36.155,4643300,0.0,0.0
2022/12/02,35.779,36.321,35.639,36.277,3138200,0.0,0.0
2022/12/05,35.989,36.286,35.919,36.111,2616100,0.0,0.0
2022/12/06,36.076,36.408,35.814,36.321,2790700,0.0,0.0
2022/12/07,36.242,36.662,36.085,36.434,3064100,0.0,0.0
2022/12/08,36.434,36.697,36.277,36.434,2712000,0.0,0.0
2022/12/09,36.382,36.679,36.137,36.242,3210400,0.0,0.0
2022/12/12,36.627,36.924,36.251,36.906,2860400,0.0,0.0
2022/12/13,37.474,37.535,36.496,36.906,2797000,0.0,0.0
2022/12/14,37.002,37.431,36.732,36.994,3569400,0.0,0.0
2022/12/15,36.863,36.959,36.522,36.697,3119700,0.0,0.0
2022/12/16,36.102,36.26,35.115,35.762,10734700,0.0,0.0
2022/12/19,35.814,36.181,35.561,35.832,2194100,0.0,0.0
2022/12/20,35.875,36.19,35.639,36.041,2489900,0.0,0.0
2022/12/21,36.146,36.461,36.05,36.452,2627800,0.0,0.0
2022/12/22,36.426,36.426,35.674,36.172,1905400,0.0,0.0
2022/12/23,36.172,36.697,36.146,36.697,1493700,0.0,0.0
2022/12/27,36.732,36.967,36.583,36.924,1092400,0.0,0.0
2022/12/28,37.037,37.177,36.662,36.758,1547800,0.0,0.0
2022/12/29,36.941,37.055,36.784,36.915,1167700,0.0,0.0
2022/12/30,36.871,36.967,36.338,36.644,1670000,0.0,0.0
2023/01/03,36.67,36.793,36.181,36.723,2777300,0.0,0.0
2023/01/04,36.828,37.168,36.644,36.994,3139400,0.0,0.0
2023/01/05,36.784,36.819,36.207,36.417,4797600,0.0,0.0
2023/01/06,36.767,37.037,36.644,37.02,2349300,0.0,0.0
2023/01/09,36.941,37.186,36.688,37.046,3173700,0.0,0.0
2023/01/10,36.924,37.282,36.504,37.212,4356200,0.0,0.0
2023/01/11,37.133,37.509,37.029,37.448,3092800,0.0,0.0
2023/01/12,37.5,37.728,37.334,37.649,3257700,0.0,0.0
2023/01/13,37.693,37.693,37.195,37.334,4147800,0.0,0.0
2023/01/17,37.474,37.841,37.352,37.562,5005700,0.0,0.0
2023/01/18,37.666,37.666,36.653,36.801,7578700,0.0,0.0
2023/01/19,36.758,36.88,36.295,36.609,4626500,0.0,0.0
2023/01/20,36.688,36.898,35.823,36.871,6142500,0.0,0.0
2023/01/23,36.225,36.644,35.875,35.945,5870300,0.0,0.0
2023/01/24,35.998,36.347,35.744,35.98,5116300,0.0,0.0
2023/01/25,35.753,35.884,35.473,35.823,4920500,0.0,0.0
2023/01/26,35.753,36.172,35.639,36.164,2085400,0.0,0.0
2023/01/27,36.137,36.33,35.936,36.024,1573300,0.0,0.0
2023/01/30,35.91,36.268,35.875,36.085,2513800,0.0,0.0
2023/01/31,36.12,36.12,35.473,35.779,5723400,0.0,0.0
2023/02/01,35.596,36.094,35.325,35.945,4235800,0.0,0.0
2023/02/02,35.945,36.487,35.736,35.823,6050600,0.0,0.0
2023/02/03,35.849,35.902,34.338,34.53,6981600,0.0,0.0
2023/02/06,34.424,35.077,34.221,35.042,5329200,0.39,0.0
2023/02/07,34.9,35.5,34.759,35.359,4830800,0.0,0.0
2023/02/08,35.2,35.209,34.68,34.742,2828100,0.0,0.0
2023/02/09,34.9,35.147,34.636,34.724,4145500,0.0,0.0
2023/02/10,34.839,35.262,34.777,35.209,2247000,0.0,0.0
2023/02/13,35.174,35.642,35.174,35.642,2955900,0.0,0.0
2023/02/14,35.465,36.383,34.847,35.447,5000300,0.0,0.0
2023/02/15,35.633,35.986,35.5,35.968,3517200,0.0,0.0
2023/02/16,35.659,35.977,35.43,35.8,3831900,0.0,0.0
2023/02/17,35.915,36.515,35.871,36.206,3426600,0.0,0.0
2023/02/21,36.048,36.118,35.553,35.73,2350600,0.0,0.0
2023/02/22,35.862,35.862,35.13,35.2,2634000,0.0,0.0
2023/02/23,35.2,35.253,34.618,34.839,2702500,0.0,0.0
2023/02/24,34.6,35.165,34.353,35.121,3232900,0.0,0.0
2023/02/27,35.342,35.721,35.147,35.218,3723700,0.0,0.0
2023/02/28,35.289,35.456,34.874,34.892,5820300,0.0,0.0
2023/03/01,34.644,34.733,34.0,34.186,4978000,0.0,0.0
2023/03/02,34.089,34.503,33.815,34.486,4347300,0.0,0.0
2023/03/03,34.733,35.095,34.292,35.086,2973200,0.0,0.0
2023/03/06,35.086,35.377,35.006,35.28,3059700,0.0,0.0
2023/03/07,35.297,35.35,34.291,34.556,2493600,0.0,0.0
2023/03/08,34.618,35.112,34.512,35.042,2713600,0.0,0.0
2023/03/09,35.174,35.359,34.442,34.547,2660100,0.0,0.0
2023/03/10,34.556,34.618,33.541,33.612,4260200,0.0,0.0
2023/03/13,33.427,34.883,33.241,34.239,4123100,0.0,0.0
2023/03/14,34.574,34.9,34.124,34.583,4439700,0.0,0.0
2023/03/15,34.371,35.253,34.256,35.05,3069700,0.0,0.0
2023/03/16,35.006,35.447,34.609,35.43,3246300,0.0,0.0
2023/03/17,35.271,35.271,34.803,35.103,8566600,0.0,0.0
2023/03/20,35.218,35.853,35.015,35.58,2619800,0.0,0.0
2023/03/21,35.589,35.65,34.203,34.75,2573800,0.0,0.0
2023/03/22,34.565,34.742,33.824,33.85,2377600,0.0,0.0
2023/03/23,33.771,33.947,33.153,33.312,3442600,0.0,0.0
2023/03/24,33.321,34.592,33.286,34.565,2339000,0.0,0.0
2023/03/27,34.856,34.989,34.283,34.442,5970300,0.0,0.0
2023/03/28,34.406,34.6,33.912,34.08,4131000,0.0,0.0
2023/03/29,34.283,34.944,34.203,34.671,6052500,0.0,0.0
2023/03/30,34.856,35.218,34.839,34.927,3435200,0.0,0.0
2023/03/31,35.015,35.386,34.909,35.35,3226200,0.0,0.0
2023/04/03,35.297,35.412,34.936,35.121,3968400,0.0,0.0
2023/04/04,35.13,35.43,34.945,35.386,2863300,0.0,0.0
2023/04/05,35.562,36.727,35.492,36.718,4142500,0.0,0.0
2023/04/06,36.859,36.956,36.445,36.798,3640300,0.0,0.0
2023/04/10,36.701,36.701,36.233,36.586,2115800,0.0,0.0
2023/04/11,36.586,36.939,36.418,36.93,2770000,0.0,0.0
2023/04/12,36.948,37.054,36.489,36.586,3660600,0.0,0.0
2023/04/13,36.303,36.559,35.633,36.356,3298000,0.0,0.0
2023/04/14,36.03,36.224,35.827,36.039,2092700,0.0,0.0
2023/04/17,36.1,36.295,35.739,36.056,4082900,0.0,0.0
2023/04/18,35.906,36.074,35.703,35.721,2960100,0.0,0.0
2023/04/19,35.836,36.092,35.739,36.003,2337600,0.0,0.0
2023/04/20,36.127,36.189,35.633,35.765,2196000,0.0,0.0
2023/04/21,36.083,36.189,35.739,35.836,2152100,0.0,0.0
2023/04/24,35.915,36.153,35.668,36.048,2827000,0.0,0.0
2023/04/25,36.012,36.33,35.942,36.303,1954400,0.0,0.0
2023/04/26,35.977,36.312,35.642,35.898,3487300,0.0,0.0
2023/04/27,36.012,36.295,35.933,36.286,2649100,0.0,0.0
2023/04/28,36.312,36.312,34.971,35.121,5304800,0.0,0.0
2023/05/01,34.636,35.642,34.274,34.424,15462500,0.0,0.0
2023/05/02,34.397,34.397,33.541,34.194,16998200,0.0,0.0
2023/05/03,34.327,34.636,33.965,34.353,8208200,0.0,0.0
2023/05/04,34.433,34.79,34.059,34.683,4927000,0.39,0.0
2023/05/05,34.54,35.405,34.487,35.387,5792600,0.0,0.0
2023/05/08,35.289,35.494,34.745,34.844,4607200,0.0,0.0
2023/05/09,34.745,34.87,34.416,34.683,3662800,0.0,0.0
2023/05/10,35.004,35.369,34.852,35.271,4488000,0.0,0.0
2023/05/11,35.254,35.503,34.942,35.111,4692800,0.0,0.0
2023/05/12,35.352,35.441,35.013,35.173,3399300,0.0,0.0
2023/05/15,35.254,35.316,34.469,34.594,2423200,0.0,0.0
2023/05/16,34.728,34.728,33.952,33.997,2362600,0.0,0.0
2023/05/17,34.041,34.184,33.64,34.166,4010900,0.0,0.0
2023/05/18,33.988,33.997,33.471,33.854,3889900,0.0,0.0
2023/05/19,34.032,34.246,33.649,33.658,3282500,0.0,0.0
2023/05/22,33.711,33.899,33.48,33.774,2148900,0.0,0.0
2023/05/23,33.774,34.05,33.649,33.783,2095200,0.0,0.0
2023/05/24,33.756,33.872,33.596,33.622,3080900,0.0,0.0
2023/05/25,33.524,33.676,32.722,32.998,4131200,0.0,0.0
2023/05/26,32.883,32.883,32.49,32.722,2813500,0.0,0.0
2023/05/30,32.722,33.043,32.66,32.981,2880700,0.0,0.0
2023/05/31,33.052,33.462,32.722,33.328,5362300,0.0,0.0
2023/06/01,33.364,33.4,32.749,33.141,5888700,0.0,0.0
2023/06/02,32.954,33.765,32.945,33.605,3804300,0.0,0.0
2023/06/05,33.658,34.032,33.658,33.997,2913400,0.0,0.0
2023/06/06,34.13,34.264,33.578,33.685,3510900,0.0,0.0
2023/06/07,33.827,34.442,33.489,34.318,4296300,0.0,0.0
2023/06/08,34.202,34.763,33.925,34.719,4700700,0.0,0.0
2023/06/09,34.754,34.835,34.371,34.416,3963800,0.0,0.0
2023/06/12,34.532,34.549,34.184,34.54,2499400,0.0,0.0
2023/06/13,34.22,34.612,34.193,34.54,2886800,0.0,0.0
2023/06/14,34.674,34.835,34.46,34.603,3752900,0.0,0.0
2023/06/15,34.647,34.959,34.478,34.861,1928100,0.0,0.0
2023/06/16,35.164,35.352,34.763,34.826,6888100,0.0,0.0
2023/06/20,34.799,35.191,34.701,35.022,3532200,0.0,0.0
2023/06/21,34.879,35.227,34.398,35.164,3261300,0.0,0.0
2023/06/22,35.236,35.298,34.728,34.959,2566400,0.0,0.0
2023/06/23,35.066,35.102,34.175,34.309,4874000,0.0,0.0
2023/06/26,34.407,34.737,34.264,34.558,3410400,0.0,0.0
2023/06/27,34.692,34.808,34.425,34.639,2718700,0.0,0.0
2023/06/28,34.63,34.63,34.086,34.175,2467800,0.0,0.0
2023/06/29,33.872,34.478,33.774,34.416,2804700,0.0,0.0
2023/06/30,34.54,34.745,34.327,34.656,2595600,0.0,0.0
2023/07/03,34.496,34.835,34.46,34.781,1245500,0.0,0.0
2023/07/05,34.647,35.539,34.567,35.245,2841300,0.0,0.0
2023/07/06,34.933,34.968,34.514,34.852,2371600,0.0,0.0
2023/07/07,34.683,34.808,34.371,34.558,1914900,0.0,0.0
2023/07/10,34.496,34.549,34.015,34.38,2114000,0.0,0.0
2023/07/11,34.451,34.728,34.255,34.692,1604200,0.0,0.0
2023/07/12,34.87,35.334,34.719,35.164,2511300,0.0,0.0
2023/07/13,35.129,35.521,34.977,35.521,2424400,0.0,0.0
2023/07/14,35.325,35.548,35.066,35.432,3586700,0.0,0.0
2023/07/17,35.378,35.467,34.968,34.977,1980400,0.0,0.0
2023/07/18,34.959,35.289,34.309,34.63,1989400,0.0,0.0
2023/07/19,34.612,35.075,34.612,34.915,2092400,0.0,0.0
2023/07/20,35.066,35.476,34.861,35.361,2115800,0.0,0.0
2023/07/21,35.566,35.869,35.476,35.735,3341000,0.0,0.0
2023/07/24,35.708,35.842,35.423,35.655,2081600,0.0,0.0
2023/07/25,35.566,35.869,35.467,35.699,1838200,0.0,0.0
2023/07/26,35.637,36.029,35.512,35.673,2071800,0.0,0.0
2023/07/27,35.557,35.69,34.808,34.977,2340400,0.0,0.0
2023/07/28,35.182,35.334,34.799,35.066,1671600,0.0,0.0
2023/07/31,35.298,35.378,35.004,35.111,4000600,0.0,0.0
2023/08/01,35.209,35.361,34.683,34.754,3017700,0.0,0.0
2023/08/02,34.558,34.594,34.068,34.425,4459200,0.0,0.0
2023/08/03,34.104,34.166,33.132,33.132,5332500,0.0,0.0
2023/08/04,33.303,33.646,32.456,32.7,5665900,0.39,0.0
2023/08/07,32.511,33.051,32.511,32.538,4115000,0.0,0.0
2023/08/08,32.465,32.898,32.186,32.862,4136100,0.0,0.0
2023/08/09,32.772,32.907,32.438,32.601,4600300,0.0,0.0
2023/08/10,32.871,33.132,32.61,32.7,2711700,0.0,0.0
2023/08/11,32.736,33.222,32.655,33.213,3956700,0.0,0.0
2023/08/14,33.15,33.303,33.006,33.204,5256300,0.0,0.0
2023/08/15,32.979,33.294,32.447,32.456,4151800,0.0,0.0
2023/08/16,32.601,32.781,32.393,32.646,2480800,0.0,0.0
2023/08/17,32.61,32.898,32.312,32.312,2310100,0.0,0.0
2023/08/18,32.231,32.727,32.231,32.583,2185800,0.0,0.0
2023/08/21,32.484,32.691,32.051,32.33,2251200,0.0,0.0
2023/08/22,32.393,32.574,32.213,32.484,1840400,0.0,0.0
2023/08/23,32.646,32.799,32.475,32.772,2270200,0.0,0.0
2023/08/24,32.745,33.186,32.456,32.465,2829900,0.0,0.0
2023/08/25,32.52,32.853,32.447,32.673,1890700,0.0,0.0
2023/08/28,32.754,32.925,32.628,32.772,1235000,0.0,0.0
2023/08/29,32.781,32.934,32.664,32.844,1980800,0.0,0.0
2023/08/30,32.736,33.042,32.583,32.691,2073400,0.0,0.0
2023/08/31,32.817,32.97,32.484,32.493,2906000,0.0,0.0
2023/09/01,32.718,32.718,31.808,32.15,2819800,0.0,0.0
2023/09/05,31.925,32.078,31.321,31.493,3527800,0.0,0.0
2023/09/06,31.529,31.682,31.249,31.61,3638000,0.0,0.0
2023/09/07,31.817,32.159,31.556,31.943,3746600,0.0,0.0
2023/09/08,31.925,32.249,31.862,32.087,2850300,0.0,0.0
2023/09/11,32.105,32.411,31.97,32.051,3032900,0.0,0.0
2023/09/12,31.997,32.375,31.853,32.312,2981700,0.0,0.0
2023/09/13,32.303,32.745,32.231,32.574,3073200,0.0,0.0
2023/09/14,32.799,33.24,32.718,33.231,4211800,0.0,0.0
2023/09/15,33.213,33.411,33.096,33.249,9503200,0.0,0.0
2023/09/18,33.357,33.357,32.763,33.123,2272000,0.0,0.0
2023/09/19,33.15,33.366,32.961,33.15,4448400,0.0,0.0
2023/09/20,33.357,33.357,32.772,32.934,3159000,0.0,0.0
2023/09/21,32.97,32.997,32.556,32.61,2786400,0.0,0.0
2023/09/22,32.429,32.682,32.366,32.475,2920200,0.0,0.0
2023/09/25,32.24,32.384,32.123,32.357,2216600,0.0,0.0
2023/09/26,32.258,32.276,31.763,31.808,3691800,0.0,0.0
2023/09/27,31.736,31.925,31.547,31.745,5475000,0.0,0.0
2023/09/28,31.952,31.952,31.033,31.141,6501600,0.0,0.0
2023/09/29,31.511,31.619,30.637,30.79,4533400,0.0,0.0
2023/10/02,30.538,30.628,29.196,29.367,6489300,0.0,0.0
2023/10/03,29.187,30.43,28.988,30.277,8440000,0.0,0.0
2023/10/04,30.277,30.403,29.754,30.258,4711000,0.0,0.0
2023/10/05,30.204,30.61,29.853,30.43,4748300,0.0,0.0
2023/10/06,30.042,30.916,29.709,30.853,5237900,0.0,0.0
2023/10/09,30.844,31.339,30.79,31.321,2733700,0.0,0.0
2023/10/10,31.312,31.628,31.222,31.547,3070100,0.0,0.0
2023/10/11,31.646,31.979,31.511,31.943,2607800,0.0,0.0
2023/10/12,31.871,31.943,31.511,31.799,5601500,0.0,0.0
2023/10/13,32.105,32.195,31.808,32.069,4039200,0.0,0.0
2023/10/16,32.195,32.637,32.024,32.574,2442700,0.0,0.0
2023/10/17,32.33,32.619,32.249,32.502,2484800,0.0,0.0
2023/10/18,32.484,32.52,32.06,32.267,3081000,0.0,0.0
2023/10/19,32.294,32.502,32.015,32.123,3740700,0.0,0.0
2023/10/20,32.168,32.321,31.772,31.781,5252400,0.0,0.0
2023/10/23,31.484,31.898,31.285,31.52,4014400,0.0,0.0
2023/10/24,31.853,32.249,31.673,32.159,3498000,0.0,0.0
2023/10/25,32.105,32.294,31.997,32.213,3168600,0.0,0.0
2023/10/26,32.249,32.745,32.249,32.484,3460100,0.0,0.0
2023/10/27,32.159,32.294,31.448,31.646,4503500,0.0,0.0
2023/10/30,31.826,32.087,31.556,31.889,2774600,0.0,0.0
2023/10/31,32.042,32.132,31.781,32.069,2795500,0.0,0.0
2023/11/01,32.177,32.736,31.952,32.475,3075300,0.0,0.0
2023/11/02,32.502,33.123,32.502,32.943,2989700,0.0,0.0
2023/11/03,33.375,33.465,33.105,33.168,3727700,0.0,0.0
2023/11/06,33.205,33.259,32.731,32.767,2491500,0.41,0.0
2023/11/07,32.868,32.977,32.622,32.886,2526900,0.0,0.0
2023/11/08,32.758,32.804,32.166,32.512,2207000,0.0,0.0
2023/11/09,32.521,32.749,32.203,32.239,1952400,0.0,0.0
2023/11/10,32.448,32.476,32.13,32.157,2176100,0.0,0.0
2023/11/13,32.148,32.212,31.811,31.993,2742300,0.0,0.0
2023/11/14,32.567,33.396,32.54,33.369,4494600,0.0,0.0
2023/11/15,33.277,33.751,33.259,33.542,3440600,0.0,0.0
2023/11/16,33.76,33.979,33.624,33.742,3328000,0.0,0.0
2023/11/17,33.906,33.997,33.687,33.87,3294800,0.0,0.0
2023/11/20,33.687,34.134,33.35,34.097,3734900,0.0,0.0
2023/11/21,34.125,34.325,33.833,34.307,3232900,0.0,0.0
2023/11/22,34.416,34.416,34.024,34.198,3015500,0.0,0.0
2023/11/24,34.27,34.343,34.097,34.289,1091500,0.0,0.0
2023/11/27,34.325,34.325,33.997,34.161,2906200,0.0,0.0
2023/11/28,34.234,34.48,33.961,33.988,5313600,0.0,0.0
2023/11/29,34.024,34.134,33.514,33.687,5079700,0.0,0.0
2023/11/30,33.778,33.824,33.341,33.651,4435200,0.0,0.0
2023/12/01,33.642,34.052,33.423,34.034,4185600,0.0,0.0
2023/12/04,33.742,34.079,33.687,33.86,4062200,0.0,0.0
2023/12/05,33.86,33.86,33.487,33.751,3345100,0.0,0.0
2023/12/06,33.897,34.143,33.578,34.116,3532700,0.0,0.0
2023/12/07,34.188,34.188,33.706,33.979,4221700,0.0,0.0
2023/12/08,33.952,34.061,33.469,33.778,4199600,0.0,0.0
2023/12/11,33.706,34.152,33.624,33.942,3762800,0.0,0.0
2023/12/12,33.933,33.942,33.396,33.687,3425200,0.0,0.0
2023/12/13,33.696,35.127,33.523,35.081,4953000,0.0,0.0
2023/12/14,35.282,35.364,34.416,34.498,6452100,0.0,0.0
2023/12/15,34.343,34.371,33.523,33.687,8110800,0.0,0.0
2023/12/18,33.706,33.888,33.46,33.542,2924700,0.0,0.0
2023/12/19,33.633,33.797,33.405,33.633,2476200,0.0,0.0
2023/12/20,33.533,33.651,32.959,32.968,3233800,0.0,0.0
2023/12/21,33.022,33.287,32.84,33.095,2887400,0.0,0.0
2023/12/22,33.25,33.505,32.977,33.004,4446000,0.0,0.0
2023/12/26,32.995,33.277,32.95,33.104,2764300,0.0,0.0
2023/12/27,33.022,33.132,32.868,33.086,2367200,0.0,0.0
2023/12/28,33.004,33.414,32.922,33.332,2029200,0.0,0.0
2023/12/29,33.223,33.432,33.141,33.396,2728600,0.0,0.0
2024/01/02,33.223,34.097,33.159,34.07,2994800,0.0,0.0
2024/01/03,34.097,34.462,33.933,34.398,4079300,0.0,0.0
2024/01/04,34.544,34.853,34.28,34.425,3715100,0.0,0.0
2024/01/05,34.389,34.826,34.216,34.735,3621500,0.0,0.0
2024/01/08,34.735,34.972,34.48,34.963,2841200,0.0,0.0
2024/01/09,34.835,35.154,34.644,35.09,8050400,0.0,0.0
2024/01/10,35.145,35.354,34.954,35.291,3048900,0.0,0.0
2024/01/11,35.254,35.327,34.416,34.635,4540400,0.0,0.0
2024/01/12,34.844,35.017,34.726,34.954,3968600,0.0,0.0
2024/01/16,34.726,34.826,34.316,34.48,4977600,0.0,0.0
2024/01/17,34.334,34.708,33.851,34.006,5538300,0.0,0.0
2024/01/18,33.833,33.997,33.669,33.806,5382400,0.0,0.0
2024/01/19,33.924,33.933,33.414,33.715,3736700,0.0,0.0
2024/01/22,33.769,34.015,33.405,33.423,4172500,0.0,0.0
2024/01/23,33.378,33.596,33.232,33.451,5877600,0.0,0.0
2024/01/24,33.742,33.751,32.685,32.758,5257000,0.0,0.0
2024/01/25,33.123,33.259,32.558,33.25,3963000,0.0,0.0
2024/01/26,33.341,33.378,32.986,33.141,3379600,0.0,0.0
2024/01/29,33.15,33.551,32.977,33.505,2789300,0.0,0.0
2024/01/30,33.432,33.715,33.159,33.487,2877100,0.0,0.0
2024/01/31,33.751,33.915,33.268,33.414,3447500,0.0,0.0
2024/02/01,33.268,34.034,33.059,33.997,2880800,0.0,0.0
2024/02/02,33.678,33.824,33.205,33.514,3897900,0.0,0.0
2024/02/05,33.168,33.396,32.931,32.995,3883600,0.0,0.0
2024/02/06,32.94,33.161,32.829,32.995,2636100,0.41,0.0
2024/02/07,33.124,33.207,32.848,33.013,2514300,0.0,0.0
2024/02/08,32.82,33.032,32.626,32.977,4550300,0.0,0.0
2024/02/09,33.17,34.589,33.17,34.377,9712600,0.0,0.0
2024/02/12,34.442,34.81,34.009,34.801,3692500,0.0,0.0
2024/02/13,34.626,34.783,33.741,34.045,4063500,0.0,0.0
2024/02/14,34.101,34.184,33.889,34.027,3404100,0.0,0.0
2024/02/15,34.119,34.451,34.027,34.368,3930900,0.0,0.0
2024/02/16,34.239,34.478,33.916,34.451,3477000,0.0,0.0
2024/02/20,34.469,34.681,34.193,34.23,4110500,0.0,0.0
2024/02/21,34.377,34.865,34.156,34.847,3159200,0.0,0.0
2024/02/22,34.663,34.663,34.322,34.368,3278600,0.0,0.0
2024/02/23,34.451,34.69,34.359,34.46,4298300,0.0,0.0
2024/02/26,34.322,34.322,33.557,33.612,2995800,0.0,0.0
2024/02/27,33.769,34.009,33.511,33.972,2336700,0.0,0.0
2024/02/28,33.916,34.119,33.861,33.944,2315200,0.0,0.0
2024/02/29,34.092,34.248,33.668,33.732,3085800,0.0,0.0
2024/03/01,33.668,33.723,33.179,33.631,2730000,0.0,0.0
2024/03/04,33.41,34.405,33.41,34.34,2570300,0.0,0.0
2024/03/05,34.525,34.801,33.981,34.101,3440500,0.0,0.0
2024/03/06,34.478,34.69,34.276,34.515,2293100,0.0,0.0
2024/03/07,34.847,34.93,34.635,34.865,2196000,0.0,0.0
2024/03/08,34.967,35.17,34.663,35.096,2694600,0.0,0.0
2024/03/11,35.077,35.52,35.077,35.501,2579400,0.0,0.0
2024/03/12,35.299,35.538,34.838,34.912,2879700,0.0,0.0
2024/03/13,35.16,35.4,34.939,35.096,2325300,0.0,0.0
2024/03/14,34.985,35.087,34.764,35.031,2513000,0.0,0.0
2024/03/15,34.801,35.317,34.801,34.967,5657300,0.0,0.0
2024/03/18,34.967,35.225,34.875,35.206,3113900,0.0,0.0
2024/03/19,35.299,35.464,35.151,35.289,2041800,0.0,0.0
2024/03/20,35.28,35.501,35.022,35.252,2487300,0.0,0.0
2024/03/21,35.326,35.603,35.17,35.262,2176600,0.0,0.0
2024/03/22,35.566,35.612,35.087,35.206,1665800,0.0,0.0
2024/03/25,35.418,35.464,35.197,35.345,1462500,0.0,0.0
2024/03/26,35.243,35.372,34.81,34.819,2190200,0.0,0.0
2024/03/27,35.059,35.52,34.967,35.437,3799700,0.0,0.0
2024/03/28,35.428,35.667,35.317,35.584,3248200,0.0,0.0
2024/04/01,35.63,35.639,34.994,35.354,2844100,0.0,0.0
2024/04/02,35.381,35.686,35.354,35.446,3459900,0.0,0.0
2024/04/03,35.391,35.464,34.958,35.142,3172000,0.0,0.0
2024/04/04,35.428,35.446,34.921,35.262,4250100,0.0,0.0
2024/04/05,35.013,35.188,34.783,35.022,3193700,0.0,0.0
2024/04/08,35.087,35.372,34.976,35.354,2418600,0.0,0.0
2024/04/09,35.474,35.612,35.234,35.446,2468900,0.0,0.0
2024/04/10,35.087,35.142,34.607,34.865,2922900,0.0,0.0
2024/04/11,35.068,35.068,34.607,34.663,2110200,0.0,0.0
2024/04/12,34.635,34.884,34.34,34.469,2001900,0.0,0.0
2024/04/15,34.663,34.856,34.221,34.46,2638900,0.0,0.0
2024/04/16,34.349,34.478,33.916,33.935,2577300,0.0,0.0
2024/04/17,34.073,34.571,34.018,34.506,2552500,0.0,0.0
2024/04/18,34.644,34.773,34.303,34.672,1779000,0.0,0.0
2024/04/19,34.893,35.4,34.792,35.17,2710000,0.0,0.0
2024/04/22,35.068,35.372,34.939,35.206,2389500,0.0,0.0
2024/04/23,35.197,35.455,35.077,35.123,1944700,0.0,0.0
2024/04/24,34.912,35.363,34.727,35.289,2491200,0.0,0.0
2024/04/25,35.225,35.621,34.875,35.538,3289700,0.0,0.0
2024/04/26,35.197,35.658,34.865,35.133,5476300,0.0,0.0
2024/04/29,35.317,35.879,35.289,35.732,4019300,0.0,0.0
2024/04/30,35.538,35.676,35.206,35.326,3680300,0.0,0.0
2024/05/01,35.234,35.953,35.179,35.658,2862300,0.0,0.0
2024/05/02,35.888,36.238,35.63,36.017,2762700,0.0,0.0
2024/05/03,36.257,36.33,35.704,36.155,2137500,0.0,0.0
2024/05/06,36.318,36.374,35.983,36.281,2068800,0.425,0.0
2024/05/07,36.523,36.682,36.29,36.654,2963100,0.0,0.0
2024/05/08,36.533,36.896,36.514,36.766,2283600,0.0,0.0
2024/05/09,36.766,37.157,36.672,37.11,2023000,0.0,0.0
2024/05/10,37.194,37.343,36.933,37.203,2055900,0.0,0.0
2024/05/13,37.259,37.446,36.961,36.97,1643500,0.0,0.0
2024/05/14,37.222,37.278,36.896,37.11,1884300,0.0,0.0
2024/05/15,37.427,37.865,37.352,37.501,3158400,0.0,0.0
2024/05/16,37.473,37.772,37.38,37.464,2426300,0.0,0.0
2024/05/17,37.371,37.52,37.157,37.296,2516400,0.0,0.0
2024/05/20,37.343,37.343,37.147,37.315,1579400,0.0,0.0
2024/05/21,37.334,37.753,37.315,37.66,1879100,0.0,0.0
2024/05/22,37.501,37.669,37.138,37.166,1892500,0.0,0.0
2024/05/23,36.915,36.998,36.44,36.458,2675900,0.0,0.0
2024/05/24,36.486,36.635,36.235,36.3,1892000,0.0,0.0
2024/05/28,36.318,36.533,36.076,36.132,2270600,0.0,0.0
2024/05/29,35.871,36.039,35.722,35.89,1970600,0.0,0.0
2024/05/30,36.067,36.384,35.937,36.318,2366100,0.0,0.0
2024/05/31,36.402,37.548,36.263,37.501,4458000,0.0,0.0
2024/06/03,37.362,37.576,37.026,37.418,2421900,0.0,0.0
2024/06/04,37.306,37.52,37.008,37.455,2144200,0.0,0.0
2024/06/05,37.324,37.399,36.71,36.738,1945300,0.0,0.0
2024/06/06,36.617,36.952,36.356,36.421,2399000,0.0,0.0
2024/06/07,36.16,36.505,36.058,36.16,1768900,0.0,0.0
2024/06/10,36.048,36.356,35.871,36.263,2576300,0.0,0.0
2024/06/11,35.983,36.328,35.843,36.16,1995400,0.0,0.0
2024/06/12,36.486,36.486,35.881,36.002,2265700,0.0,0.0
2024/06/13,36.048,36.216,35.685,36.03,1511900,0.0,0.0
2024/06/14,35.862,36.179,35.741,36.114,1783900,0.0,0.0
2024/06/17,35.806,36.02,35.592,35.62,1864600,0.0,0.0
2024/06/18,35.527,35.825,35.48,35.555,1980300,0.0,0.0
2024/06/20,35.48,35.843,35.396,35.611,1765200,0.0,0.0
2024/06/21,35.601,35.992,35.489,35.648,5179400,0.0,0.0
2024/06/24,35.648,36.29,35.545,35.862,3158900,0.0,0.0
2024/06/25,35.862,35.89,35.573,35.75,2439500,0.0,0.0
2024/06/26,35.573,35.974,35.424,35.899,2066900,0.0,0.0
2024/06/27,35.871,36.03,35.704,35.89,2408200,0.0,0.0
2024/06/28,35.983,36.02,35.517,35.648,4419300,0.0,0.0
2024/07/01,35.89,36.141,35.536,35.685,2173300,0.0,0.0
2024/07/02,35.806,35.881,35.461,35.629,4093100,0.0,0.0
2024/07/03,35.722,35.937,35.62,35.806,1249400,0.0,0.0
2024/07/05,35.806,36.03,35.638,35.937,1827700,0.0,0.0
2024/07/08,35.946,36.058,35.787,35.946,2012300,0.0,0.0
2024/07/09,35.909,36.16,35.713,36.002,2034100,0.0,0.0
2024/07/10,36.16,36.29,35.918,36.253,2484500,0.0,0.0
2024/07/11,36.402,36.887,36.29,36.766,2562000,0.0,0.0
2024/07/12,36.905,37.092,36.644,36.812,2954200,0.0,0.0
2024/07/15,36.542,36.682,36.169,36.197,2200400,0.0,0.0
2024/07/16,36.263,36.477,36.132,36.3,2205100,0.0,0.0
2024/07/17,36.412,37.147,36.374,36.793,2859200,0.0,0.0
2024/07/18,36.542,37.175,36.523,36.756,2302300,0.0,0.0
2024/07/19,36.943,36.989,36.551,36.877,2004200,0.0,0.0
2024/07/22,36.933,37.11,36.793,37.073,1393500,0.0,0.0
2024/07/23,37.101,37.222,36.896,37.147,1786400,0.0,0.0
2024/07/24,37.334,37.744,37.147,37.65,2417200,0.0,0.0
2024/07/25,37.837,38.237,37.464,37.678,3091800,0.0,0.0
2024/07/26,37.809,38.237,37.753,38.135,2054200,0.0,0.0
2024/07/29,38.2,38.74,38.06,38.675,3114600,0.0,0.0
2024/07/30,38.554,39.029,38.461,38.936,3958700,0.0,0.0
2024/07/31,39.187,39.253,38.526,39.038,4662200,0.0,0.0
2024/08/01,39.299,39.867,39.243,39.793,3223600,0.0,0.0
2024/08/02,40.287,40.659,39.299,39.756,4172300,0.0,0.0
2024/08/05,40.063,40.203,38.973,39.01,4581100,0.0,0.0
2024/08/06,39.048,39.737,39.02,39.253,3439300,0.0,0.0
2024/08/07,39.37,39.878,39.21,39.436,3282300,0.425,0.0
2024/08/08,39.257,39.681,39.097,39.417,3422900,0.0,0.0
2024/08/09,39.464,39.568,38.984,39.493,2887200,0.0,0.0
2024/08/12,39.493,39.718,39.37,39.709,2564200,0.0,0.0
2024/08/13,39.784,39.925,39.417,39.794,2631200,0.0,0.0
2024/08/14,39.709,40.038,39.37,39.784,2397800,0.0,0.0
2024/08/15,39.398,39.982,39.238,39.822,3146600,0.0,0.0
2024/08/16,39.991,40.208,39.812,40.057,2524200,0.0,0.0
2024/08/19,40.142,40.386,40.01,40.33,2209000,0.0,0.0
2024/08/20,40.339,40.706,40.339,40.641,3136200,0.0,0.0
2024/08/21,40.641,40.848,40.556,40.631,2008500,0.0,0.0
2024/08/22,40.65,40.753,40.452,40.65,1788400,0.0,0.0
2024/08/23,40.819,40.876,40.546,40.641,1492100,0.0,0.0
2024/08/26,40.716,41.026,40.659,40.857,1668300,0.0,0.0
2024/08/27,40.8,40.97,40.546,40.631,1577800,0.0,0.0
2024/08/28,40.81,41.252,40.744,41.196,2430000,0.0,0.0
2024/08/29,41.262,41.356,40.735,41.036,2549400,0.0,0.0
2024/08/30,41.111,41.469,41.064,41.327,2882500,0.0,0.0
2024/09/03,41.374,41.883,41.233,41.694,2392500,0.0,0.0
2024/09/04,41.807,42.155,41.638,41.911,2242700,0.0,0.0
2024/09/05,42.184,42.315,41.732,41.845,2978500,0.0,0.0
2024/09/06,41.92,41.977,41.525,41.581,2108400,0.0,0.0
2024/09/09,41.591,41.854,41.469,41.854,2750000,0.0,0.0
2024/09/10,41.883,41.977,41.534,41.657,2005100,0.0,0.0
2024/09/11,41.572,41.6,41.233,41.544,2262500,0.0,0.0
2024/09/12,41.61,41.779,41.309,41.459,2225200,0.0,0.0
2024/09/13,41.459,41.892,41.28,41.845,2443500,0.0,0.0
2024/09/16,42.043,42.137,41.544,41.723,2656200,0.0,0.0
2024/09/17,41.61,41.666,40.932,41.111,6515100,0.0,0.0
2024/09/18,41.12,41.356,40.678,40.923,4111400,0.0,0.0
2024/09/19,40.697,40.829,40.405,40.678,3047700,0.0,0.0
2024/09/20,40.923,41.469,40.641,41.403,7857200,0.0,0.0
2024/09/23,41.61,41.638,41.271,41.431,3191700,0.0,0.0
2024/09/24,41.299,41.751,40.97,41.073,2381600,0.0,0.0
2024/09/25,41.139,41.318,40.913,41.205,2666700,0.0,0.0
2024/09/26,40.97,41.299,40.876,41.036,2268100,0.0,0.0
2024/09/27,41.262,41.544,41.092,41.45,2271100,0.0,0.0
2024/09/30,41.647,41.817,41.412,41.732,2852200,0.0,0.0
2024/10/01,41.845,41.948,41.629,41.883,2336600,0.0,0.0
2024/10/02,41.581,41.789,41.356,41.45,3774000,0.0,0.0
2024/10/03,41.534,41.534,40.838,40.857,4031600,0.0,0.0
2024/10/04,40.358,40.942,40.245,40.895,2998800,0.0,0.0
2024/10/07,40.716,40.772,40.302,40.339,3343600,0.0,0.0
2024/10/08,40.556,40.65,40.189,40.208,2323500,0.0,0.0
2024/10/09,40.264,40.386,39.86,40.038,2514700,0.0,0.0
2024/10/10,40.132,40.339,39.709,39.831,2049800,0.0,0.0
2024/10/11,39.897,40.339,39.85,40.189,2053600,0.0,0.0
2024/10/14,40.226,40.669,40.226,40.622,1968400,0.0,0.0
2024/10/15,40.838,41.28,40.744,40.932,2315900,0.0,0.0
2024/10/16,41.026,41.384,40.96,41.309,3053500,0.0,0.0
2024/10/17,41.356,41.356,40.876,40.923,2598700,0.0,0.0
2024/10/18,40.923,41.271,40.744,41.083,2096800,0.0,0.0
2024/10/21,41.177,41.384,40.829,41.12,2096700,0.0,0.0
2024/10/22,40.989,41.29,40.744,41.252,2101700,0.0,0.0
2024/10/23,41.13,41.666,41.092,41.657,2503100,0.0,0.0
2024/10/24,41.732,41.864,41.393,41.487,2475800,0.0,0.0
2024/10/25,41.647,41.741,40.8,40.848,2327600,0.0,0.0
2024/10/28,41.092,41.262,40.979,41.102,2277600,0.0,0.0
2024/10/29,40.8,40.895,40.264,40.302,3853800,0.0,0.0
2024/10/30,40.518,40.518,39.417,39.681,5933600,0.0,0.0
2024/10/31,39.615,39.869,39.342,39.361,4017200,0.0,0.0
2024/11/01,39.286,39.587,39.079,39.267,5641900,0.0,0.0
2024/11/04,39.135,39.389,38.9,39.097,2475000,0.0,0.0
2024/11/05,38.994,39.474,38.843,39.427,2693900,0.0,0.0
2024/11/06,39.408,39.558,39.088,39.126,3358400,0.0,0.0
2024/11/07,39.244,39.444,38.931,39.197,3067100,0.425,0.0
2024/11/08,39.311,39.748,39.282,39.492,2812900,0.0,0.0
2024/11/11,39.454,40.043,39.292,39.663,2218500,0.0,0.0
2024/11/12,39.663,39.796,39.377,39.454,2690200,0.0,0.0
2024/11/13,39.634,39.72,39.092,39.187,3729000,0.0,0.0
2024/11/14,39.159,39.254,38.76,38.817,3430600,0.0,0.0
2024/11/15,38.683,39.501,38.655,39.463,4002100,0.0,0.0
2024/11/18,39.32,39.786,39.282,39.634,2724400,0.0,0.0
2024/11/19,39.425,39.539,39.178,39.53,2439300,0.0,0.0
2024/11/20,39.358,39.691,39.311,39.672,2392100,0.0,0.0
2024/11/21,39.824,40.119,39.53,40.119,1966100,0.0,0.0
2024/11/22,40.148,40.205,39.71,39.729,2163400,0.0,0.0
2024/11/25,39.843,40.195,39.672,39.976,2557500,0.0,0.0
2024/11/26,40.005,40.205,39.9,40.195,1801100,0.0,0.0
2024/11/27,40.385,40.756,40.309,40.518,2217300,0.0,0.0
2024/11/29,40.528,40.737,40.423,40.452,1662100,0.0,0.0
2024/12/02,40.48,40.518,39.501,39.539,2713700,0.0,0.0
2024/12/03,39.796,39.853,39.349,39.358,2306200,0.0,0.0
2024/12/04,39.444,39.558,39.159,39.244,1801300,0.0,0.0
2024/12/05,39.244,39.549,39.225,39.301,2010000,0.0,0.0
2024/12/06,39.235,39.311,38.912,38.95,1898400,0.0,0.0
2024/12/09,38.883,39.054,38.75,38.798,2061400,0.0,0.0
2024/12/10,38.788,38.817,38.208,38.493,2679900,0.0,0.0
2024/12/11,38.55,38.569,38.094,38.142,2682100,0.0,0.0
2024/12/12,38.588,38.817,38.265,38.332,2710900,0.0,0.0
2024/12/13,38.332,38.503,38.18,38.284,1622400,0.0,0.0
2024/12/16,38.322,38.389,37.932,37.932,2636900,0.0,0.0
2024/12/17,37.742,38.189,37.676,37.875,2712300,0.0,0.0
2024/12/18,37.761,37.932,37.191,37.21,3583600,0.0,0.0
2024/12/19,37.267,37.809,37.115,37.229,3540200,0.0,0.0
2024/12/20,37.048,37.904,36.896,37.828,7995100,0.0,0.0
2024/12/23,37.79,37.875,37.543,37.771,3578100,0.0,0.0
2024/12/24,37.742,37.989,37.666,37.923,819600,0.0,0.0
2024/12/26,37.78,37.97,37.742,37.837,1450000,0.0,0.0
2024/12/27,37.581,37.932,37.505,37.714,1864000,0.0,0.0
2024/12/30,37.59,37.771,37.353,37.685,2113800,0.0,0.0
2024/12/31,37.685,37.904,37.562,37.818,2501400,0.0,0.0
2025/01/02,38.075,38.237,37.79,37.942,1968200,0.0,0.0
2025/01/03,38.113,38.294,37.913,37.951,1990100,0.0,0.0
2025/01/06,37.809,37.866,37.229,37.334,3010600,0.0,0.0
2025/01/07,37.448,37.704,37.248,37.372,1968900,0.0,0.0
2025/01/08,37.334,37.866,37.105,37.809,2548300,0.0,0.0
2025/01/10,37.59,37.866,36.659,36.811,4248400,0.0,0.0
2025/01/13,36.991,37.257,36.601,37.229,2818800,0.0,0.0
2025/01/14,37.286,37.391,37.086,37.238,3222000,0.0,0.0
2025/01/15,37.761,37.818,37.238,37.286,2468400,0.0,0.0
2025/01/16,37.219,38.113,37.219,38.104,2881600,0.0,0.0
2025/01/17,37.97,38.208,37.742,37.923,4082900,0.0,0.0
2025/01/21,38.132,38.455,38.066,38.294,2375900,0.0,0.0
2025/01/22,38.199,38.199,37.438,37.476,2241700,0.0,0.0
2025/01/23,37.21,37.353,36.849,37.096,4905500,0.0,0.0
2025/01/24,36.972,37.295,36.972,37.276,3570500,0.0,0.0
2025/01/27,37.799,38.883,37.581,38.864,5477500,0.0,0.0
2025/01/28,38.741,39.007,37.866,38.208,4678400,0.0,0.0
2025/01/29,38.265,38.322,37.685,37.714,5014600,0.0,0.0
2025/01/30,38.113,38.123,37.353,37.761,4522400,0.0,0.0
2025/01/31,37.752,37.942,37.628,37.837,4584000,0.0,0.0
2025/02/03,37.742,38.094,37.41,38.028,4063300,0.0,0.0
2025/02/04,37.818,38.085,37.476,37.98,4404400,0.0,0.0
2025/02/05,38.256,38.512,37.999,38.237,5807600,0.0,0.0
2025/02/06,38.351,38.455,37.866,38.151,5338900,0.0,0.0
2025/02/07,38.127,38.742,38.021,38.588,4045300,0.425,0.0
2025/02/10,38.636,38.636,38.06,38.3,2799100,0.0,0.0
2025/02/11,38.156,38.886,37.829,38.857,3420500,0.0,0.0
2025/02/12,38.319,38.55,38.31,38.435,3499300,0.0,0.0
2025/02/13,38.559,38.761,38.338,38.684,2794900,0.0,0.0
2025/02/14,38.684,39.03,38.406,38.435,3046700,0.0,0.0
2025/02/18,38.444,39.107,38.358,39.04,3512000,0.0,0.0
2025/02/19,39.059,39.203,38.838,39.069,2258000,0.0,0.0
2025/02/20,39.03,39.818,38.829,39.761,4478600,0.0,0.0
2025/02/21,39.693,40.779,39.597,40.635,7878700,0.0,0.0
2025/02/24,40.779,41.231,40.433,41.202,7003600,0.0,0.0
2025/02/25,41.202,41.903,40.952,41.798,5955900,0.0,0.0
2025/02/26,41.577,41.874,41.279,41.365,7534600,0.0,0.0
2025/02/27,39.213,39.77,36.964,37.032,26980800,0.0,0.0
2025/02/28,37.214,37.282,36.426,37.253,10194900,0.0,0.0
2025/03/03,37.233,38.117,37.166,38.06,12532200,0.0,0.0
2025/03/04,38.233,38.492,37.685,37.743,9243100,0.0,0.0
2025/03/05,37.474,37.762,36.811,37.022,5785100,0.0,0.0
2025/03/06,37.041,37.041,36.436,36.772,5414200,0.0,0.0
2025/03/07,36.753,37.445,36.599,37.051,8999400,0.0,0.0
2025/03/10,37.195,37.964,36.964,37.829,7370000,0.0,0.0
2025/03/11,37.839,38.108,37.531,37.618,6693600,0.0,0.0
2025/03/12,37.397,37.503,36.532,36.715,7299400,0.0,0.0
2025/03/13,36.801,37.647,36.686,37.608,4973000,0.0,0.0
2025/03/14,37.378,38.31,37.233,38.271,4587600,0.0,0.0
2025/03/17,38.271,38.579,38.05,38.271,5663200,0.0,0.0
2025/03/18,38.117,38.406,37.954,38.338,3902200,0.0,0.0
2025/03/19,38.338,38.463,37.868,38.012,4836100,0.0,0.0
2025/03/20,38.233,38.435,37.983,38.252,5150400,0.0,0.0
2025/03/21,38.021,38.281,37.81,38.012,7459300,0.0,0.0
2025/03/24,37.973,38.098,37.454,37.474,3700900,0.0,0.0
2025/03/25,37.541,37.541,36.157,36.465,6010100,0.0,0.0
2025/03/26,36.59,37.08,36.561,36.974,5134800,0.0,0.0
2025/03/27,36.897,38.012,36.868,37.906,6893800,0.0,0.0
2025/03/28,38.194,38.79,37.925,38.492,7014800,0.0,0.0
2025/03/31,38.809,39.03,38.473,38.838,6431000,0.0,0.0
2025/04/01,38.838,38.896,38.406,38.819,3611300,0.0,0.0
2025/04/02,38.867,39.117,38.473,38.992,3397800,0.0,0.0
2025/04/03,39.299,39.732,39.021,39.443,4763400,0.0,0.0
2025/04/04,39.511,39.549,37.695,37.829,6632100,0.0,0.0
2025/04/07,37.618,38.069,36.849,37.195,7792100,0.0,0.0
2025/04/08,37.704,37.762,36.647,36.811,8695700,0.0,0.0
2025/04/09,36.599,38.05,36.109,37.839,8710000,0.0,0.0
2025/04/10,37.752,38.848,37.503,38.521,7618600,0.0,0.0
2025/04/11,38.569,39.222,38.319,39.011,4344200,0.0,0.0
2025/04/14,39.174,39.693,38.819,39.511,3886900,0.0,0.0
2025/04/15,39.588,39.953,39.395,39.434,2622200,0.0,0.0
2025/04/16,39.713,39.799,39.088,39.203,3202800,0.0,0.0
2025/04/17,39.386,40.75,39.261,40.376,8445300,0.0,0.0
2025/04/21,40.212,40.481,39.607,40.164,6472700,0.0,0.0
2025/04/22,40.385,41.327,40.385,41.039,6895900,0.0,0.0
2025/04/23,41.048,41.336,40.385,40.904,7528000,0.0,0.0
2025/04/24,40.933,41.317,40.462,40.625,7356300,0.0,0.0
2025/04/25,40.875,41.125,40.414,40.683,5278300,0.0,0.0
2025/04/28,40.635,41.135,40.414,41.048,5096300,0.0,0.0
2025/04/29,40.962,41.471,40.789,41.384,4527800,0.0,0.0
2025/04/30,41.384,41.5,40.645,41.202,5607900,0.0,0.0
2025/05/01,41.288,41.432,40.933,41.077,4704700,0.0,0.0
2025/05/02,41.269,41.529,41.019,41.404,3779600,0.0,0.0
2025/05/05,41.701,41.74,40.933,41.404,3127700,0.0,0.0
2025/05/06,41.461,41.769,41.327,41.481,3626200,0.0,0.0
2025/05/07,41.466,41.981,41.359,41.699,3152200,0.445,0.0
2025/05/08,41.582,41.728,41.146,41.252,3159100,0.0,0.0
2025/05/09,41.33,41.495,41.048,41.272,2162500,0.0,0.0
2025/05/12,40.961,41.097,40.359,40.505,5177300,0.0,0.0
2025/05/13,40.505,40.68,39.951,40.029,4443300,0.0,0.0
2025/05/14,39.942,40.087,39.437,39.942,6368900,0.0,0.0
2025/05/15,40.281,41.223,40.194,41.204,6339700,0.0,0.0
2025/05/16,41.116,41.437,40.903,41.437,4494900,0.0,0.0
2025/05/19,41.272,41.602,41.184,41.602,3148300,0.0,0.0
2025/05/20,41.602,41.786,41.369,41.485,3858500,0.0,0.0
2025/05/21,41.427,41.485,40.98,41.039,2873800,0.0,0.0
2025/05/22,40.942,41.087,40.641,40.767,3692900,0.0,0.0
2025/05/23,41.204,41.204,40.301,40.883,4250800,0.0,0.0
2025/05/27,41.155,41.165,40.777,40.874,3535300,0.0,0.0
2025/05/28,40.621,40.757,39.815,39.99,3811200,0.0,0.0
2025/05/29,39.854,40.582,39.777,40.485,3303700,0.0,0.0
2025/05/30,40.456,40.825,40.243,40.718,4922400,0.0,0.0
2025/06/02,40.379,40.514,40.078,40.291,2960900,0.0,0.0
2025/06/03,40.291,40.369,39.806,40.039,4795400,0.0,0.0
2025/06/04,40.078,40.184,39.66,39.68,2796500,0.0,0.0
2025/06/05,39.699,39.777,39.447,39.544,2418400,0.0,0.0
2025/06/06,39.466,39.66,39.243,39.466,2722200,0.0,0.0
2025/06/09,38.786,39.388,38.573,38.66,13326900,0.0,0.0
2025/06/10,38.582,38.971,38.301,38.942,14783000,0.0,0.0
2025/06/11,38.922,39.097,38.767,39.039,5705400,0.0,0.0
2025/06/12,39.184,39.641,39.097,39.485,6274900,0.0,0.0
2025/06/13,39.573,39.709,39.058,39.165,3850500,0.0,0.0
2025/06/16,39.243,39.369,38.437,38.631,5819000,0.0,0.0
2025/06/17,38.602,38.815,38.136,38.563,6457500,0.0,0.0
2025/06/18,38.641,38.67,38.447,38.582,3306400,0.0,0.0
2025/06/20,38.602,39.0,38.582,38.747,5596300,0.0,0.0
2025/06/23,38.835,39.233,38.777,39.146,4255500,0.0,0.0
2025/06/24,39.107,39.534,39.039,39.33,4366000,0.0,0.0
2025/06/25,39.175,39.262,38.747,38.757,3770900,0.0,0.0
2025/06/26,38.903,39.019,38.544,38.767,4549700,0.0,0.0
2025/06/27,38.815,39.097,38.582,38.738,6653800,0.0,0.0
2025/06/30,38.602,39.107,38.534,39.087,6173600,0.0,0.0
2025/07/01,39.126,39.417,38.757,39.204,5381400,0.0,0.0
2025/07/02,38.951,39.078,38.514,38.602,5212200,0.0,0.0
2025/07/03,38.573,38.786,38.281,38.718,2417100,0.0,0.0
2025/07/07,38.67,38.796,38.437,38.68,3535300,0.0,0.0
2025/07/08,38.553,38.825,38.194,38.728,4738300,0.0,0.0
2025/07/09,38.728,39.058,38.563,38.981,3009800,0.0,0.0
2025/07/10,38.815,39.408,38.815,39.349,3030000,0.0,0.0
2025/07/11,39.029,39.369,38.903,39.214,2197700,0.0,0.0
2025/07/14,39.184,39.466,38.961,39.281,2988500,0.0,0.0
2025/07/15,39.281,39.65,39.107,39.252,7023400,0.0,0.0
2025/07/16,39.252,39.33,38.845,39.126,4042300,0.0,0.0
2025/07/17,39.01,39.602,39.0,39.369,3283500,0.0,0.0
2025/07/18,39.408,39.777,39.32,39.592,2733500,0.0,0.0
2025/07/21,39.582,40.058,39.514,39.883,2687300,0.0,0.0
2025/07/22,40.078,40.582,40.01,40.369,3485100,0.0,0.0
2025/07/23,40.34,40.466,39.835,39.99,2785600,0.0,0.0
2025/07/24,40.078,40.456,39.971,40.194,3201200,0.0,0.0
2025/07/25,40.155,40.874,40.155,40.718,5689800,0.0,0.0
2025/07/28,40.65,40.718,40.165,40.204,4313500,0.0,0.0
2025/07/29,40.32,40.641,40.097,40.582,5618400,0.0,0.0
2025/07/30,40.777,41.019,40.427,40.573,4612500,0.0,0.0
2025/07/31,40.699,41.514,40.65,41.466,6440800,0.0,0.0
2025/08/01,41.747,42.01,41.466,41.932,5117800,0.0,0.0
2025/08/04,42.0,42.573,41.767,42.563,4202400,0.0,0.0
2025/08/05,42.524,42.874,42.116,42.252,4382300,0.0,0.0
2025/08/06,42.272,42.466,42.116,42.175,5131700,0.0,0.0
2025/08/07,42.101,42.807,42.081,42.611,3257500,0.445,0.0
2025/08/08,42.768,42.788,42.317,42.435,2753400,0.0,0.0
2025/08/11,42.582,42.65,42.307,42.503,2593200,0.0,0.0
2025/08/12,42.552,42.798,42.346,42.778,3566500,0.0,0.0
2025/08/13,42.866,43.131,42.562,43.111,2895200,0.0,0.0
2025/08/14,43.092,43.092,42.69,42.827,3755400,0.0,0.0
2025/08/15,42.807,42.925,42.474,42.641,3283100,0.0,0.0
2025/08/18,42.68,42.719,41.993,42.013,4097800,0.0,0.0
2025/08/19,42.032,42.601,41.915,42.592,3703000,0.0,0.0
2025/08/20,42.67,43.219,42.641,42.749,3559500,0.0,0.0
2025/08/21,42.729,42.827,42.513,42.65,2289700,0.0,0.0
2025/08/22,42.896,43.102,42.631,42.955,2959200,0.0,0.0
2025/08/25,43.337,43.553,42.739,42.807,4963600,0.0,0.0
2025/08/26,42.896,43.013,42.572,42.758,5017500,0.0,0.0
2025/08/27,42.798,43.033,42.749,42.935,3238200,0.0,0.0
2025/08/28,42.935,42.964,42.552,42.729,3073800,0.0,0.0
2025/08/29,42.592,42.994,42.592,42.788,4028000,0.0,0.0
2025/09/02,42.66,42.817,42.376,42.641,3152900,0.0,0.0
2025/09/03,42.484,42.66,42.238,42.572,2305100,0.0,0.0
2025/09/04,42.827,42.974,42.337,42.641,2769600,0.0,0.0
2025/09/05,42.749,42.886,42.405,42.65,2504100,0.0,0.0
2025/09/08,42.69,42.886,42.189,42.484,4080700,0.0,0.0
2025/09/09,42.307,42.66,42.248,42.533,2622700,0.0,0.0
2025/09/10,42.327,42.464,42.052,42.415,4671500,0.0,0.0
2025/09/11,42.327,42.817,42.15,42.758,3323100,0.0,0.0
2025/09/12,42.68,43.004,42.582,42.964,2766600,0.0,0.0
2025/09/15,42.896,43.092,42.749,42.758,2275500,0.0,0.0
2025/09/16,42.631,42.788,42.229,42.229,2913200,0.0,0.0
2025/09/17,42.493,42.768,42.386,42.611,2693300,0.0,0.0
2025/09/18,42.278,42.837,42.229,42.601,2049900,0.0,0.0
2025/09/19,42.611,42.709,42.297,42.386,6051600,0.0,0.0
2025/09/22,42.444,42.631,42.18,42.503,3743500,0.0,0.0
2025/09/23,42.543,42.984,42.366,42.964,3144700,0.0,0.0
2025/09/24,43.082,43.396,43.004,43.239,2663800,0.0,0.0
2025/09/25,43.396,43.729,43.033,43.396,5207700,0.0,0.0
2025/09/26,43.651,44.602,43.563,44.563,8222100,0.0,0.0
2025/09/29,44.298,44.593,43.808,44.544,5956600,0.0,0.0
2025/09/30,44.534,45.25,44.504,44.946,7014000,0.0,0.0
2025/10/01,45.044,45.23,44.877,45.093,3506800,0.0,0.0
2025/10/02,44.926,45.387,44.573,44.593,4474900,0.0,0.0
2025/10/03,44.72,45.338,44.661,45.054,3785400,0.0,0.0
2025/10/06,45.005,45.505,44.956,45.485,3634500,0.0,0.0
2025/10/07,45.574,46.025,45.289,45.525,5774500,0.0,0.0
2025/10/08,45.731,46.447,45.574,45.789,6453400,0.0,0.0
2025/10/09,46.152,46.309,45.76,45.78,5700200,0.0,0.0
2025/10/10,46.074,46.466,45.907,46.015,4033500,0.0,0.0
2025/10/13,45.711,46.123,45.583,46.074,4144400,0.0,0.0
2025/10/14,46.192,46.751,46.123,46.623,4724100,0.0,0.0
2025/10/15,46.653,46.917,46.554,46.78,5281300,0.0,0.0
2025/10/16,46.937,47.074,45.878,45.897,6657000,0.0,0.0
2025/10/17,46.103,46.26,45.897,46.074,4005800,0.0,0.0
2025/10/20,46.182,46.398,45.878,46.329,3678700,0.0,0.0
2025/10/21,46.525,46.525,45.848,46.182,3917000,0.0,0.0
2025/10/22,46.133,46.505,45.897,46.388,7007600,0.0,0.0
2025/10/23,46.721,47.28,45.328,45.632,7559600,0.0,0.0
2025/10/24,46.035,46.093,45.525,45.75,4875400,0.0,0.0
2025/10/27,45.652,45.819,45.191,45.554,5697500,0.0,0.0
2025/10/28,45.515,45.642,45.181,45.279,3186500,0.0,0.0
2025/10/29,45.122,45.446,44.808,44.926,7853600,0.0,0.0
2025/10/30,45.063,45.564,45.024,45.338,3394300,0.0,0.0
2025/10/31,45.073,45.348,44.848,44.956,4276400,0.0,0.0
2025/11/03,44.828,45.24,44.289,45.162,4189500,0.0,0.0
2025/11/04,45.377,45.407,45.034,45.269,4382400,0.0,0.0
2025/11/05,45.338,45.417,44.691,44.818,4282800,0.0,0.0
2025/11/06,45.063,45.319,44.897,44.995,3311700,0.0,0.0
2025/11/07,45.049,45.525,44.703,45.465,5516400,0.445,0.0
2025/11/10,45.168,45.713,45.039,45.693,4404000,0.0,0.0
2025/11/11,45.693,46.079,45.505,45.842,2873600,0.0,0.0
2025/11/12,45.772,46.079,45.584,45.891,4895000,0.0,0.0
2025/11/13,45.772,45.891,45.247,45.277,2804700,0.0,0.0
2025/11/14,45.307,45.753,45.059,45.505,3077400,0.0,0.0
2025/11/17,45.713,46.119,45.644,46.119,4024900,0.0,0.0
2025/11/18,46.357,46.515,46.0,46.169,6391400,0.0,0.0
2025/11/19,46.06,46.357,45.218,45.802,8390900,0.0,0.0
2025/11/20,45.97,46.416,45.862,46.129,5611400,0.0,0.0
2025/11/21,46.258,46.604,45.891,46.446,5949200,0.0,0.0
2025/11/24,46.426,46.961,45.852,46.892,6767100,0.0,0.0
2025/11/25,46.892,47.09,46.347,46.476,3604400,0.0,0.0
2025/11/26,46.604,47.09,46.565,46.911,3776900,0.0,0.0
2025/11/28,46.614,47.268,46.614,47.268,2267400,0.0,0.0
2025/12/01,46.842,47.08,45.921,45.99,4590200,0.0,0.0
2025/12/02,46.159,46.198,45.158,45.228,4925100,0.0,0.0
2025/12/03,45.307,45.515,44.742,44.802,6086400,0.0,0.0
2025/12/04,44.762,45.119,44.564,44.713,5139200,0.0,0.0
2025/12/05,44.623,44.881,44.386,44.485,4692800,0.0,0.0
2025/12/08,44.475,44.534,44.128,44.326,4919700,0.0,0.0
2025/12/09,44.356,44.99,44.326,44.346,4327400,0.0,0.0
2025/12/10,44.475,44.514,43.95,43.98,4434500,0.0,0.0
2025/12/11,44.366,44.386,43.514,43.663,4898700,0.0,0.0
2025/12/12,43.762,44.247,43.623,43.841,4069600,0.0,0.0
2025/12/15,44.108,44.227,43.811,44.188,3565900,0.0,0.0
2025/12/16,44.079,44.296,43.464,43.613,4930200,0.0,0.0
2025/12/17,43.583,44.098,43.484,44.079,6494700,0.0,0.0
2025/12/18,44.217,44.386,44.039,44.197,4422000,0.0,0.0
2025/12/19,44.197,44.247,43.801,43.811,11952100,0.0,0.0
2025/12/22,43.791,44.079,43.494,43.999,2899600,0.0,0.0
2025/12/23,43.98,44.257,43.841,44.217,3739200,0.0,0.0
2025/12/24,44.257,44.485,44.188,44.425,1274300,0.0,0.0
2025/12/26,44.396,44.524,44.257,44.425,1505800,0.0,0.0
2025/12/29,44.465,44.772,44.425,44.465,4741400,0.0,0.0
2025/12/30,44.415,44.604,44.376,44.534,2526000,0.0,0.0
