Date,Klose,Open,High,Low,Volume
2019-01-02,24.343,23.749,24.584,23.601,6894400
2019-01-03,24.065,24.185,24.566,23.786,5915200
2019-01-04,25.234,24.334,25.243,24.241,6277600
2019-01-07,26.17,25.772,26.532,25.53,9644500
2019-01-08,26.291,26.44,26.467,25.781,7284200
2019-01-09,26.857,26.421,27.08,25.985,9501800
2019-01-10,26.542,26.746,26.876,26.263,5577000
2019-01-11,26.514,26.041,26.829,26.004,4897600
2019-01-14,25.846,26.384,26.569,25.781,5493200
2019-01-15,26.041,25.827,26.3,25.697,3352500
2019-01-16,25.391,26.004,26.041,25.363,4964500
2019-01-17,24.909,24.779,25.373,24.668,6142100
2019-01-18,24.668,25.011,25.02,24.436,8546900
2019-01-22,24.426,24.612,24.779,24.241,5804300
2019-01-23,24.779,24.389,24.807,24.269,3796100
2019-01-24,24.77,24.807,25.141,24.649,7951400
2019-01-25,25.011,24.974,25.41,24.76,7315200
2019-01-28,25.076,24.807,25.438,24.733,5413200
2019-01-29,25.28,23.796,25.493,23.285,9250900
2019-01-30,25.271,25.252,25.373,24.297,8192300
2019-01-31,25.799,25.354,26.152,25.048,8829100
2019-02-01,25.373,25.827,26.226,25.354,5121700
2019-02-04,24.853,25.345,25.447,24.658,5082600
2019-02-05,25.373,24.844,25.391,24.807,4187800
2019-02-06,24.556,25.206,25.317,24.51,5393000
2019-02-07,24.946,24.389,25.002,24.38,3995200
2019-02-08,24.686,24.473,24.89,24.389,3460200
2019-02-11,24.584,24.77,24.862,24.51,3892700
2019-02-12,25.336,24.733,25.549,24.668,7973500
2019-02-13,25.224,25.336,25.428,24.788,4073900
2019-02-14,24.964,24.751,25.159,24.64,3433500
2019-02-15,25.159,25.057,25.363,24.918,3420100
2019-02-19,25.085,25.15,25.465,24.955,4173000
2019-02-20,25.178,25.076,25.289,24.927,5240100
2019-02-21,25.605,25.039,25.66,24.992,5940100
2019-02-22,25.957,25.753,26.161,25.503,4194900
2019-02-25,25.567,26.059,26.078,25.549,5309800
2019-02-26,25.456,25.419,25.697,25.104,4067400
2019-02-27,25.131,25.484,25.725,24.9,4652800
2019-02-28,25.048,24.862,25.308,24.649,5006800
2019-03-01,24.807,25.252,25.317,24.436,5746900
2019-03-04,25.679,24.909,25.79,24.909,5206700
2019-03-05,24.937,25.67,25.716,24.918,5773100
2019-03-06,24.835,24.992,25.373,24.825,4194200
2019-03-07,25.54,24.927,25.818,24.77,4974100
2019-03-08,25.586,25.521,25.855,25.419,3836300
2019-03-11,26.161,25.595,26.198,25.595,2594600
2019-03-12,25.985,26.226,26.291,25.679,2665300
2019-03-13,25.53,26.022,26.124,25.41,3404200
2019-03-14,25.232,25.512,25.549,25.083,3492400
2019-03-15,25.027,25.27,25.53,24.972,4400800
2019-03-18,24.841,25.027,25.176,24.767,4847200
2019-03-19,24.441,24.85,25.093,24.385,4670700
2019-03-20,24.031,24.31,24.58,23.509,6887900
2019-03-21,24.496,24.096,24.776,23.938,4956700
2019-03-22,24.757,24.459,25.111,24.357,4673500
2019-03-25,25.344,24.646,25.4,24.543,3451900
2019-03-26,25.502,25.381,25.549,25.158,2860000
2019-03-27,26.806,25.977,26.909,25.903,8355000
2019-03-28,26.359,26.862,26.918,26.359,6267100
2019-03-29,26.043,26.536,26.778,26.005,3314000
2019-04-01,25.977,26.126,26.126,25.484,3255500
2019-04-02,25.866,26.015,26.015,25.558,2555600
2019-04-03,25.866,25.987,26.21,25.661,3044700
2019-04-04,26.629,25.81,26.648,25.81,3486400
2019-04-05,26.955,26.629,27.039,26.555,2662900
2019-04-08,26.853,26.881,27.03,26.657,2771400
2019-04-09,26.611,26.816,27.039,26.527,2988200
2019-04-10,26.937,26.853,27.104,26.602,2169200
2019-04-11,27.393,27.011,27.477,26.983,3336400
2019-04-12,27.375,27.43,27.514,27.216,2499100
2019-04-15,27.477,27.44,27.552,27.188,2100800
2019-04-16,27.719,27.635,27.775,27.43,2830400
2019-04-17,27.98,27.822,28.101,27.756,2789400
2019-04-18,28.306,27.933,28.492,27.933,3316400
2019-04-22,28.148,28.278,28.585,28.082,4577800
2019-04-23,29.2,28.641,29.536,28.427,7087000
2019-04-24,29.675,29.573,29.759,29.023,3505400
2019-04-25,29.498,29.098,29.712,28.753,4365700
2019-04-26,29.303,29.629,29.657,29.275,3281100
2019-04-29,29.182,29.275,29.34,29.033,3484500
2019-04-30,29.303,29.144,29.377,29.033,2983500
2019-05-01,29.144,29.359,29.815,29.126,3340400
2019-05-02,29.526,29.359,29.824,29.079,2906900
2019-05-03,29.601,29.591,29.694,29.116,2803300
2019-05-06,29.563,29.303,29.629,29.163,3047100
2019-05-07,29.312,29.368,29.563,29.06,2697700
2019-05-08,28.949,29.228,29.433,28.939,2032200
2019-05-09,29.368,28.865,29.424,28.79,3083300
2019-05-10,29.377,29.284,29.47,28.958,2701900
2019-05-13,29.116,28.865,29.293,28.725,4108300
2019-05-14,29.871,29.135,30.029,29.107,4716000
2019-05-15,29.74,29.871,30.038,29.647,3075100
2019-05-16,30.113,29.834,30.383,29.834,3389000
2019-05-17,30.253,30.001,30.551,29.843,3858100
2019-05-20,29.675,30.15,30.299,29.582,2415200
2019-05-21,30.057,29.759,30.271,29.685,2619600
2019-05-22,29.917,29.414,30.066,29.377,3233400
2019-05-23,29.424,29.759,29.973,29.396,3236700
2019-05-24,29.917,29.517,29.927,29.517,1966700
2019-05-28,29.508,29.927,30.066,29.498,3160200
2019-05-29,29.116,29.536,29.536,28.921,3108700
2019-05-30,29.368,29.172,29.508,29.088,2404700
2019-05-31,28.874,29.06,29.2,28.576,2732100
2019-06-03,29.517,28.865,29.75,28.725,3672500
2019-06-04,29.75,29.796,29.806,29.237,4119600
2019-06-05,29.862,29.927,29.927,29.331,2954000
2019-06-06,29.629,29.927,30.178,29.545,3056800
2019-06-07,30.504,29.778,30.579,29.778,4199700
2019-06-10,30.486,30.486,30.821,30.253,2555100
2019-06-11,30.271,30.616,30.737,30.02,2039300
2019-06-12,29.955,30.299,30.663,29.862,4300300
2019-06-13,30.375,30.095,30.515,30.095,2303700
2019-06-14,30.702,30.31,30.796,30.235,3029200
2019-06-17,30.525,30.702,30.824,30.076,2379400
2019-06-18,30.749,30.609,30.983,30.375,4555600
2019-06-19,30.104,30.702,30.74,29.553,3944800
2019-06-20,30.59,30.357,30.628,30.123,3580300
2019-06-21,29.814,30.478,30.534,29.777,3739600
2019-06-24,30.048,29.88,30.366,29.693,2395500
2019-06-25,29.328,30.487,30.581,28.805,7000800
2019-06-26,29.123,29.431,29.628,28.824,4108600
2019-06-27,29.487,29.534,29.618,29.132,2729900
2019-06-28,29.553,29.403,29.88,29.403,4976100
2019-07-01,30.02,29.88,30.104,29.478,4119900
2019-07-02,30.338,30.048,30.357,29.945,3075000
2019-07-03,30.543,30.282,30.721,30.226,1653900
2019-07-05,29.852,30.319,30.431,29.646,3248500
2019-07-08,30.207,29.861,30.394,29.721,3472400
2019-07-09,29.899,30.151,30.272,29.833,5038000
2019-07-10,30.515,30.263,30.581,30.254,3112200
2019-07-11,30.553,30.581,30.6,30.02,2904900
2019-07-12,31.375,30.712,31.413,30.702,3516400
2019-07-15,30.973,31.403,31.544,30.843,4040100
2019-07-16,31.385,30.871,31.572,30.871,3093100
2019-07-17,31.291,31.431,31.581,31.235,2573600
2019-07-18,31.254,31.385,31.684,30.936,4913100
2019-07-19,31.058,31.385,31.515,31.02,2959000
2019-07-22,31.291,31.216,31.805,31.188,7357700
2019-07-23,28.684,30.001,30.973,28.571,11401100
2019-07-24,28.88,28.973,29.02,28.282,6912100
2019-07-25,29.777,28.964,29.833,28.964,5569800
2019-07-26,29.777,29.665,29.889,29.525,2634700
2019-07-29,29.413,29.73,29.861,29.244,4630800
2019-07-30,30.001,29.562,30.263,29.497,3336700
2019-07-31,29.45,30.114,30.207,29.02,4270600
2019-08-01,29.768,29.413,30.188,29.104,4082200
2019-08-02,29.291,29.702,29.833,29.254,3011800
2019-08-05,29.076,29.17,29.45,28.758,3327400
2019-08-06,28.908,28.973,29.347,28.749,3735600
2019-08-07,29.758,28.796,29.842,28.646,4376300
2019-08-08,30.385,29.861,30.45,29.842,3229400
2019-08-09,29.973,30.198,30.272,29.871,2177600
2019-08-12,29.422,29.768,29.871,29.3,1523100
2019-08-13,30.142,30.02,30.31,29.628,2023800
2019-08-14,29.59,29.814,30.011,29.282,2248400
2019-08-15,29.347,29.684,29.796,29.254,2024700
2019-08-16,29.973,29.487,30.123,29.375,2466600
2019-08-19,30.385,30.347,30.609,30.17,1925400
2019-08-20,30.515,30.441,30.684,30.207,2115600
2019-08-21,30.74,30.665,30.833,30.291,2532800
2019-08-22,30.992,30.73,31.029,30.497,2848200
2019-08-23,30.562,31.076,31.525,30.497,3899400
2019-08-26,31.02,30.656,31.048,30.581,3255400
2019-08-27,31.207,31.272,31.319,31.039,3605300
2019-08-28,31.235,31.086,31.254,30.665,1933700
2019-08-29,31.478,31.263,31.534,31.17,3418500
2019-08-30,31.59,31.562,31.712,31.291,2190800
2019-09-03,31.768,31.357,31.852,31.301,3613100
2019-09-04,32.207,31.927,32.319,31.749,2494400
2019-09-05,32.011,32.301,32.385,31.712,2448400
2019-09-06,32.31,32.151,32.525,32.151,2473900
2019-09-09,32.487,32.329,32.693,32.226,3323800
2019-09-10,32.02,32.459,32.459,31.917,3768200
2019-09-11,32.497,32.413,32.525,32.151,2898800
2019-09-12,32.777,32.712,32.983,32.534,2820900
2019-09-13,32.945,32.889,33.226,32.693,5271100
2019-09-16,32.899,32.908,33.132,32.628,3760500
2019-09-17,33.199,32.908,33.396,32.908,3397700
2019-09-18,32.73,33.105,33.255,32.346,5389500
2019-09-19,33.246,32.814,33.396,32.814,3749500
2019-09-20,33.452,33.442,33.517,33.096,3786700
2019-09-23,33.433,33.377,33.602,33.339,1788100
2019-09-24,33.771,33.499,34.061,33.48,2685000
2019-09-25,33.93,33.911,34.005,33.592,3143200
2019-09-26,33.921,34.193,34.324,33.864,1607500
2019-09-27,33.677,34.043,34.043,33.527,2031200
2019-09-30,34.268,33.743,34.324,33.714,2718800
2019-10-01,34.155,34.277,34.408,33.949,2101500
2019-10-02,33.958,34.23,34.427,33.63,4425600
2019-10-03,33.911,33.958,34.146,33.639,2807200
2019-10-04,34.774,33.939,34.774,33.874,3530200
2019-10-07,34.455,34.624,34.746,34.399,3561700
2019-10-08,34.333,34.249,34.746,34.193,2139300
2019-10-09,34.596,34.586,34.736,34.361,2654500
2019-10-10,34.643,34.427,34.661,34.371,2129300
2019-10-11,34.586,34.793,35.008,34.558,2006400
2019-10-14,34.746,34.568,34.839,34.464,1899300
2019-10-15,34.98,34.905,35.102,34.783,2771300
2019-10-16,35.843,35.027,35.927,34.933,3980000
2019-10-17,35.852,36.049,36.358,35.73,2904300
2019-10-18,35.908,35.833,36.049,35.674,2841300
2019-10-21,35.805,35.955,36.34,35.674,5577100
2019-10-22,36.968,36.18,37.165,34.764,6801700
2019-10-23,37.343,37.033,37.371,36.733,4246700
2019-10-24,38.468,37.427,38.515,37.324,5321800
2019-10-25,37.886,38.412,38.646,37.727,4848400
2019-10-28,37.005,37.821,38.093,36.996,5054400
2019-10-29,36.565,36.799,37.474,36.471,4460600
2019-10-30,37.099,36.583,37.099,36.105,4598500
2019-10-31,36.79,37.155,37.155,36.49,2717600
2019-11-01,37.53,36.986,37.568,36.883,3339900
2019-11-04,35.768,37.258,37.305,35.599,5847300
2019-11-05,35.889,35.739,35.946,35.271,4125700
2019-11-06,36.405,35.993,36.415,35.721,4102700
2019-11-07,35.674,36.386,36.452,35.336,4304600
2019-11-08,35.796,35.646,36.049,35.58,3636800
2019-11-11,36.377,35.843,36.49,35.796,2052000
2019-11-12,36.349,36.724,37.127,35.674,4038700
2019-11-13,36.79,36.358,36.818,36.236,2689100
2019-11-14,36.893,36.593,37.043,36.527,2410400
2019-11-15,36.48,37.033,37.08,36.415,2281300
2019-11-18,37.024,36.565,37.127,36.565,2579300
2019-11-19,36.921,36.958,37.202,36.724,2130300
2019-11-20,37.165,36.949,37.38,36.808,2767000
2019-11-21,36.546,37.099,37.455,36.49,2759300
2019-11-22,36.452,36.63,36.93,36.199,3239300
2019-11-25,36.977,36.621,37.024,36.565,2468500
2019-11-26,37.586,37.099,37.596,36.865,5187500
2019-11-27,37.333,37.54,37.811,37.202,2189600
2019-11-29,37.174,37.268,37.521,37.118,1008100
2019-12-02,36.696,37.127,37.174,36.34,2575700
2019-12-03,36.911,36.386,36.921,36.236,3293300
2019-12-04,36.93,36.949,37.09,36.536,2846000
2019-12-05,37.69,37.005,37.765,36.893,3103000
2019-12-06,37.558,37.943,37.999,37.136,3652500
2019-12-09,37.652,37.652,37.802,37.408,2060200
2019-12-10,37.755,37.624,37.858,37.305,2210400
2019-12-11,38.168,37.68,38.187,37.474,1608900
2019-12-12,37.155,38.074,38.215,37.146,2524400
2019-12-13,37.858,37.221,37.915,37.099,2893200
2019-12-16,37.521,37.858,37.99,37.315,2895800
2019-12-17,37.192,37.511,37.982,37.164,2722000
2019-12-18,36.599,37.258,37.474,36.402,4878800
2019-12-19,36.298,36.486,36.787,36.026,6158400
2019-12-20,37.258,36.421,37.314,36.289,7644900
2019-12-23,36.58,37.267,37.389,36.496,2155400
2019-12-24,36.816,36.675,36.938,36.627,1346400
2019-12-26,36.656,36.872,36.947,36.421,1891600
2019-12-27,36.477,36.797,36.797,36.364,2053400
2019-12-30,36.486,36.392,36.543,36.11,1625900
2019-12-31,36.486,36.308,36.618,36.289,1838900
2020-01-02,36.374,36.552,36.656,36.044,2049300
2020-01-03,36.693,36.195,36.75,36.026,2607200
2020-01-06,36.966,36.769,37.211,36.675,2145700
2020-01-07,37.211,37.164,37.436,36.863,4916900
2020-01-08,37.549,37.737,38.066,37.54,5464200
2020-01-09,37.436,37.615,37.831,37.211,3737700
2020-01-10,37.605,37.192,38.01,37.051,3008500
2020-01-13,38.019,37.587,38.057,37.577,2988400
2020-01-14,38.499,38.085,38.593,38.0,3172400
2020-01-15,38.847,38.555,39.119,38.405,2735800
2020-01-16,39.176,38.96,39.251,38.847,2037700
2020-01-17,39.298,39.392,39.703,39.214,2322500
2020-01-21,40.003,39.373,40.107,39.27,3415800
2020-01-22,40.323,40.079,40.615,39.759,2588000
2020-01-23,41.235,40.361,41.527,40.333,3867300
2020-01-24,41.104,41.339,41.677,40.887,4147400
2020-01-27,41.658,40.765,41.8,40.718,5233300
2020-01-28,44.047,42.618,44.48,41.461,9197100
2020-01-29,43.267,44.197,44.301,42.176,5995300
2020-01-30,42.956,43.257,43.643,42.749,3302700
2020-01-31,41.988,43.144,43.314,41.922,4180000
2020-02-03,41.997,42.129,42.392,41.865,2816000
2020-02-04,41.452,42.129,42.232,41.433,4343900
2020-02-05,42.571,41.461,42.589,41.113,2974000
2020-02-06,42.778,42.89,43.172,42.561,3720100
2020-02-07,43.351,43.003,43.567,42.796,3333900
2020-02-10,43.878,43.549,43.953,43.492,2163500
2020-02-11,44.179,43.887,44.339,43.605,2358700
2020-02-12,43.915,44.132,44.357,43.596,1986400
2020-02-13,43.906,43.727,44.207,43.624,2796800
2020-02-14,43.906,44.16,44.197,43.624,1854100
2020-02-18,43.868,43.671,44.216,43.492,2382600
2020-02-19,43.774,44.263,44.545,43.746,3037000
2020-02-20,43.887,43.708,44.028,43.041,4012200
2020-02-21,43.643,43.915,44.31,43.614,2104400
2020-02-24,42.552,42.881,43.257,42.439,3154900
2020-02-25,40.765,42.58,42.683,40.756,2929700
2020-02-26,39.561,40.126,41.141,39.43,4577300
2020-02-27,39.251,38.978,40.746,38.471,4835600
2020-02-28,37.803,38.151,39.025,36.778,9512700
2020-03-02,39.072,38.076,39.251,37.276,5879100
2020-03-03,39.674,39.496,40.859,38.734,5791900
2020-03-04,41.771,40.22,41.837,40.22,6005600
2020-03-05,40.398,40.991,41.499,40.088,4308200
2020-03-06,39.025,38.894,39.524,37.906,4006800
2020-03-09,36.327,36.665,37.342,34.662,5384600
2020-03-10,37.267,37.201,37.7,35.283,4085800
2020-03-11,33.233,36.101,36.355,33.186,6645200
2020-03-12,28.77,30.751,31.072,26.92,6071400
2020-03-13,28.807,30.26,30.845,26.977,6548800
2020-03-16,22.721,22.08,23.986,22.08,6508800
2020-03-17,21.787,23.203,23.684,20.608,7899000
2020-03-18,18.362,19.74,20.636,16.522,8763600
2020-03-19,18.428,18.088,20.24,17.173,7297300
2020-03-20,18.654,18.9,19.862,17.928,11935400
2020-03-23,16.739,17.786,18.4,16.154,10710800
2020-03-24,20.834,17.956,21.221,17.9,6022400
2020-03-25,22.853,21.363,23.778,20.457,6806400
2020-03-26,24.259,23.325,24.391,22.759,5366400
2020-03-27,23.136,23.127,24.269,22.476,5583100
2020-03-30,22.419,22.768,22.929,21.561,3817900
2020-03-31,21.061,22.117,22.287,20.91,5156000
2020-04-01,19.626,19.711,20.174,19.39,6250400
2020-04-02,18.673,19.438,20.07,18.277,6392500
2020-04-03,17.852,18.4,18.805,17.249,5619200
2020-04-06,20.476,19.523,20.693,19.022,4930200
2020-04-07,21.731,22.24,23.033,21.136,7934800
2020-04-08,24.08,22.259,24.344,21.834,5948300
2020-04-09,24.854,25.316,26.316,24.429,4015600
2020-04-13,23.401,24.571,24.665,22.636,4543600
2020-04-14,24.231,24.174,24.627,23.344,4546100
2020-04-15,22.533,22.976,23.193,22.231,4162000
2020-04-16,22.901,22.561,23.278,22.127,5155800
2020-04-17,24.08,24.071,25.08,23.571,5347400
2020-04-20,22.938,23.203,23.684,22.627,5504200
2020-04-21,22.816,22.174,23.335,22.004,4602800
2020-04-22,22.712,23.504,23.637,22.646,3758000
2020-04-23,22.523,22.014,23.74,21.872,4055900
2020-04-24,24.193,22.674,24.401,22.674,5020200
2020-04-27,25.703,24.561,25.948,24.41,4389100
2020-04-28,27.354,27.354,28.345,26.835,8080400
2020-04-29,28.581,28.175,29.09,28.156,5873500
2020-04-30,26.675,27.807,27.826,26.448,6142600
2020-05-01,25.703,25.863,26.213,25.222,4073300
2020-05-04,25.731,25.203,26.014,24.731,4278100
2020-05-05,26.231,26.222,26.779,26.005,3770200
2020-05-06,26.071,26.373,26.637,25.675,3914200
2020-05-07,26.59,26.543,27.052,26.335,4517300
2020-05-08,28.194,27.213,28.392,26.864,3169900
2020-05-11,27.76,27.552,28.288,26.93,3847200
2020-05-12,26.505,27.835,27.986,26.448,3491200
2020-05-13,25.646,26.279,26.279,25.024,5381900
2020-05-14,26.033,25.043,26.146,24.627,4253300
2020-05-15,26.156,25.561,26.43,25.231,2742600
2020-05-18,29.374,27.713,29.694,27.534,4504000
2020-05-19,29.619,29.232,30.581,28.59,3986000
2020-05-20,29.657,30.157,30.572,29.119,5138100
2020-05-21,30.845,29.534,31.072,29.506,4504700
2020-05-22,31.431,31.147,31.666,30.562,2785800
2020-05-26,32.402,33.025,33.421,32.223,4616100
2020-05-27,34.393,33.469,34.422,32.516,3947500
2020-05-28,32.468,34.827,35.007,32.289,3688500
2020-05-29,32.053,32.185,33.176,31.742,5710700
2020-06-01,32.393,32.223,33.327,31.912,2794600
2020-06-02,32.789,32.459,32.912,32.317,2349100
2020-06-03,33.95,33.421,34.157,33.101,2818100
2020-06-04,33.035,33.639,34.441,32.846,3760600
2020-06-05,34.648,34.695,35.375,33.978,4512800
2020-06-08,34.601,35.214,36.582,34.148,3074100
2020-06-09,33.818,33.94,34.384,33.554,3430400
2020-06-10,34.271,33.695,34.837,32.761,4812400
2020-06-11,31.156,32.69,33.343,31.147,4235100
2020-06-12,32.084,32.699,33.267,31.099,4470100
2020-06-15,33.816,30.9,33.93,30.721,4542000
2020-06-16,34.583,35.397,35.52,33.523,4478500
2020-06-17,34.46,34.943,35.198,34.271,2829700
2020-06-18,33.712,33.996,34.555,33.636,2443900
2020-06-19,32.822,34.555,34.555,32.623,4743300
2020-06-22,33.201,32.699,33.296,32.226,3043100
2020-06-23,33.248,33.712,33.826,32.794,2292100
2020-06-24,32.036,32.775,32.813,30.995,3443500
2020-06-25,30.844,31.109,31.762,30.181,6406600
2020-06-26,30.228,30.616,30.758,30.143,4902900
2020-06-29,31.715,30.531,32.046,29.869,3029900
2020-06-30,32.216,31.809,32.425,31.289,2609300
2020-07-01,31.222,32.349,32.434,31.203,3022800
2020-07-02,31.128,31.932,32.311,30.976,2497600
2020-07-06,32.283,31.904,32.491,31.648,2749000
2020-07-07,32.112,31.838,32.671,31.79,4111000
2020-07-08,33.39,32.358,33.627,32.216,3366800
2020-07-09,32.074,33.636,33.703,31.838,3110900
2020-07-10,33.144,32.254,33.191,32.178,2602700
2020-07-13,32.084,33.277,33.589,32.055,3319900
2020-07-14,33.561,31.942,33.599,31.913,2869100
2020-07-15,34.252,34.536,34.583,33.362,2809100
2020-07-16,34.791,34.062,35.028,33.741,3297300
2020-07-17,35.312,35.482,35.918,35.0,4351600
2020-07-20,35.577,35.18,35.795,34.772,3881200
2020-07-21,35.691,35.075,35.861,34.81,3043300
2020-07-22,37.338,35.937,37.622,35.7,4099300
2020-07-23,39.089,39.686,41.645,38.569,9080800
2020-07-24,40.349,39.553,40.623,38.531,5236100
2020-07-27,41.882,41.068,42.034,40.301,4976400
2020-07-28,41.172,42.176,42.583,41.115,4662200
2020-07-29,42.318,41.333,42.356,41.295,2752900
2020-07-30,41.532,41.532,42.024,41.153,2245000
2020-07-31,41.276,41.532,41.532,40.244,2696400
2020-08-03,41.683,41.532,42.261,41.267,2261900
2020-08-04,41.787,41.513,42.005,41.295,2358400
2020-08-05,42.138,41.93,42.374,41.503,1895700
2020-08-06,42.337,42.081,42.554,41.901,1830000
2020-08-07,41.901,41.863,42.242,41.248,2446400
2020-08-10,42.753,42.109,43.7,41.854,3426400
2020-08-11,42.005,43.208,43.605,41.797,3295000
2020-08-12,43.018,42.356,43.312,41.986,2288500
2020-08-13,43.094,42.819,43.397,42.214,2281800
2020-08-14,42.668,42.753,42.838,42.412,2200800
2020-08-17,43.955,42.933,44.173,42.791,3461500
2020-08-18,44.126,44.902,44.902,43.993,3209900
2020-08-19,43.709,43.87,44.116,43.312,2003500
2020-08-20,43.87,43.274,44.381,43.122,2132500
2020-08-21,44.949,43.899,45.101,43.719,2006300
2020-08-24,45.082,45.054,45.347,44.391,2095100
2020-08-25,44.665,45.442,45.442,44.06,2174500
2020-08-26,43.823,44.722,44.864,43.785,2369500
2020-08-27,43.312,44.107,44.495,43.293,2794300
2020-08-28,42.905,43.567,43.946,42.782,2356600
2020-08-31,42.214,43.047,43.047,41.854,2451300
2020-09-01,43.596,42.157,43.605,41.911,2325300
2020-09-02,43.681,43.823,43.946,42.374,1854600
2020-09-03,41.835,43.7,43.804,41.343,2416800
2020-09-04,40.907,42.081,42.535,39.932,2922900
2020-09-08,40.888,40.32,41.948,40.055,3022300
2020-09-09,42.223,41.409,42.602,41.144,2769500
2020-09-10,42.128,42.469,43.056,41.854,1921700
2020-09-11,42.886,42.412,43.103,42.318,1993000
2020-09-14,43.236,43.387,43.425,42.535,2166800
2020-09-15,42.649,43.132,43.908,42.564,2442500
2020-09-16,44.23,43.189,44.665,42.98,2525700
2020-09-17,43.037,43.463,43.937,42.64,2211700
2020-09-18,42.695,42.923,43.578,42.183,5646300
2020-09-21,42.344,41.756,42.42,41.044,2571900
2020-09-22,43.54,42.506,43.607,42.211,2282200
2020-09-23,41.613,43.559,43.863,41.556,2025100
2020-09-24,42.097,41.575,42.733,40.778,2040600
2020-09-25,41.775,41.632,42.078,41.129,1207600
2020-09-28,43.436,42.657,43.493,42.306,1561600
2020-09-29,42.971,43.834,44.005,42.771,1828000
2020-09-30,43.939,43.398,44.67,43.199,4560300
2020-10-01,45.049,44.47,45.078,43.635,2849000
2020-10-02,45.116,44.157,45.372,44.11,2003900
2020-10-05,45.296,45.201,45.856,44.176,2564700
2020-10-06,44.252,45.296,45.581,44.034,2019200
2020-10-07,44.736,44.983,45.534,44.47,1619800
2020-10-08,46.483,45.723,46.787,45.553,2694500
2020-10-09,46.492,46.806,47.176,46.189,1870900
2020-10-12,46.967,46.825,47.052,46.113,2075600
2020-10-13,45.913,46.264,46.454,45.372,2116400
2020-10-14,45.828,46.217,46.435,45.562,1760800
2020-10-15,46.416,45.173,46.578,45.097,1454700
2020-10-16,45.325,46.435,47.062,45.201,2577400
2020-10-19,44.062,45.562,45.866,43.645,3243300
2020-10-20,44.594,44.499,45.154,44.081,3063300
2020-10-21,42.942,44.499,44.565,42.525,4187700
2020-10-22,40.474,41.87,42.971,39.933,6130100
2020-10-23,41.756,41.215,41.86,40.598,4583500
2020-10-26,40.256,41.822,42.003,39.781,3475100
2020-10-27,39.231,40.19,40.636,38.851,3401700
2020-10-28,39.81,38.272,40.294,37.892,3712600
2020-10-29,39.307,40.019,40.379,38.88,2088400
2020-10-30,38.69,39.155,39.772,38.443,2835800
2020-11-02,40.009,39.535,40.284,39.041,2974500
2020-11-03,40.958,40.484,41.234,40.019,2895700
2020-11-04,43.967,41.946,44.746,41.841,4171600
2020-11-05,43.683,44.224,44.765,43.379,2332400
2020-11-06,41.87,43.607,43.607,41.661,2083100
2020-11-09,38.576,41.927,42.638,38.49,4777500
2020-11-10,40.408,39.421,40.626,38.538,5152000
2020-11-11,40.645,40.579,40.712,39.971,2457000
2020-11-12,39.592,40.55,41.452,39.212,2742000
2020-11-13,40.75,39.933,41.129,39.667,2180700
2020-11-16,40.693,40.92,40.996,39.762,3381600
2020-11-17,40.826,40.626,41.556,40.218,2710300
2020-11-18,41.509,40.835,42.135,40.655,2501100
2020-11-19,41.414,41.965,42.477,40.835,3505200
2020-11-20,41.452,41.594,41.936,41.158,2805500
2020-11-23,42.895,41.756,43.066,41.499,1893100
2020-11-24,41.746,43.208,43.36,41.509,2601200
2020-11-25,42.344,42.003,42.657,41.604,1953300
2020-11-27,42.107,42.059,42.743,41.87,1356200
2020-11-30,41.414,42.069,42.354,40.607,5629600
2020-12-01,40.493,41.642,41.746,40.142,5315800
2020-12-02,39.44,40.313,40.436,39.136,5214100
2020-12-03,40.977,39.354,41.082,39.345,3144400
2020-12-04,39.924,40.939,41.006,39.819,4251300
2020-12-07,41.405,40.038,41.461,39.639,3145500
2020-12-08,39.905,40.626,40.645,39.402,2889600
2020-12-09,39.943,40.351,40.455,39.345,3005100
2020-12-10,40.019,39.592,40.152,39.402,2541500
2020-12-11,40.199,39.971,40.455,39.829,2640600
2020-12-14,39.981,40.503,41.053,39.962,2735700
2020-12-15,40.4,40.19,40.847,40.047,2479400
2020-12-16,40.476,40.714,40.809,40.0,3052000
2020-12-17,42.647,40.933,42.943,40.933,5642300
2020-12-18,42.952,43.019,43.581,42.733,6322500
2020-12-21,42.619,42.076,43.076,41.562,2457000
2020-12-22,43.247,42.79,43.457,42.419,1852500
2020-12-23,42.181,43.324,43.4,42.019,1792800
2020-12-28,42.352,43.257,43.4,42.181,1265300
2020-12-29,42.047,42.552,42.752,41.695,1227100
2020-12-30,41.99,42.095,42.695,41.876,1225300
2020-12-31,41.066,42.124,42.124,40.962,1737100
2021-01-04,40.2,41.228,41.362,39.362,3666100
2021-01-05,39.114,38.819,39.714,38.438,4652700
2021-01-06,38.905,38.6,39.219,38.019,3850100
2021-01-07,40.466,39.0,40.666,38.628,3896300
2021-01-08,39.552,40.705,41.038,39.333,2439100
2021-01-11,40.076,39.552,40.876,39.19,2081600
2021-01-12,40.628,40.19,40.666,39.676,1926700
2021-01-13,40.533,41.057,41.79,40.143,3701300
2021-01-14,40.4,40.724,40.828,40.19,2296300
2021-01-15,40.666,40.143,41.066,40.143,2287400
2021-01-19,41.914,41.009,41.952,40.771,2870300
2021-01-20,44.466,42.362,44.866,42.114,4897300
2021-01-21,45.295,45.19,45.885,44.552,3919100
2021-01-22,46.562,45.647,46.733,44.733,4171500
2021-01-25,46.647,47.143,47.838,46.238,3743900
2021-01-26,45.362,46.676,47.724,45.076,3456800
2021-01-27,45.0,44.781,45.924,44.038,5520200
2021-01-28,42.447,41.781,43.381,40.562,5479300
2021-01-29,41.428,42.857,42.99,41.038,3781300
2021-02-01,42.638,41.895,42.762,41.066,3273200
2021-02-02,43.781,42.952,44.124,42.171,2936800
2021-02-03,44.152,43.704,44.466,43.381,3447600
2021-02-04,44.857,44.152,45.381,43.485,2278600
2021-02-05,45.838,45.19,45.847,44.581,3379700
2021-02-08,46.914,46.171,47.047,45.733,2509600
2021-02-09,46.857,47.038,47.038,45.924,1792900
2021-02-10,47.009,46.933,47.504,46.0,2689500
2021-02-11,47.152,47.362,47.714,46.924,2840900
2021-02-12,46.171,46.914,47.295,45.885,2088100
2021-02-16,44.447,46.333,46.333,44.238,3559800
2021-02-17,43.971,43.933,44.685,43.257,2949500
2021-02-18,43.304,44.057,44.438,43.152,3310300
2021-02-19,44.181,43.619,44.39,43.619,2288100
2021-02-22,43.276,43.962,44.362,43.266,2029600
2021-02-23,43.733,43.143,43.809,41.99,2892600
2021-02-24,44.685,43.524,44.762,42.333,2829300
2021-02-25,41.847,44.276,44.285,41.457,3043500
2021-02-26,42.962,42.371,43.552,41.743,3121200
2021-03-01,43.304,43.609,44.19,43.238,2895300
2021-03-02,43.99,43.438,44.257,42.876,2417900
2021-03-03,42.162,43.695,43.904,42.133,3377200
2021-03-04,41.695,42.228,43.304,40.295,3895600
2021-03-05,43.562,42.047,43.752,40.876,2926500
2021-03-08,45.152,43.809,45.828,43.809,2640600
2021-03-09,45.085,45.771,46.428,44.838,2716600
2021-03-10,46.504,45.381,47.028,44.876,2879500
2021-03-11,46.084,46.839,47.135,45.683,2039400
2021-03-12,45.779,44.929,46.142,44.117,2974800
2021-03-15,47.469,45.96,47.498,45.53,3006500
2021-03-16,46.887,47.66,48.099,46.743,2485300
2021-03-17,48.701,46.571,48.72,46.008,4732800
2021-03-18,46.084,48.281,48.357,45.779,4212600
2021-03-19,46.791,46.084,47.154,45.702,4456500
2021-03-22,46.867,47.03,47.23,46.056,2994900
2021-03-23,46.17,46.848,47.402,45.807,2237800
2021-03-24,46.046,46.342,47.507,46.036,2229500
2021-03-25,47.889,45.358,48.138,45.186,3905400
2021-03-26,50.258,48.291,50.306,47.889,3434900
2021-03-29,49.293,50.736,51.251,49.121,3578200
2021-03-30,50.382,49.752,50.573,48.768,2563900
2021-03-31,50.086,50.621,50.736,49.924,2475000
2021-04-01,51.079,50.621,51.127,50.191,2469200
2021-04-05,51.414,51.423,51.557,50.678,2113500
2021-04-06,51.567,51.328,51.681,51.041,2730200
2021-04-07,51.127,51.748,51.786,50.86,2081200
2021-04-08,50.764,51.232,51.481,50.478,2696800
2021-04-09,52.111,50.592,52.245,50.268,2498300
2021-04-12,51.672,52.149,52.254,51.118,2804900
2021-04-13,51.624,51.404,51.729,50.583,2535500
2021-04-14,51.099,51.576,51.939,51.032,2437000
2021-04-15,51.051,51.576,51.672,50.994,2945300
2021-04-16,51.786,51.29,52.044,51.137,3348800
2021-04-19,51.299,52.035,52.121,50.783,2648300
2021-04-20,50.153,51.318,51.93,49.236,2685700
2021-04-21,50.774,50.143,50.984,50.057,1521200
2021-04-22,50.793,50.621,51.099,50.086,2667700
2021-04-23,51.49,50.984,51.729,50.669,1974000
2021-04-26,52.331,52.149,52.598,51.681,3686400
2021-04-27,54.575,53.84,55.473,53.83,5103100
2021-04-28,56.046,54.852,56.247,54.537,3342500
2021-04-29,57.125,56.457,57.383,56.075,3480700
2021-04-30,56.466,56.934,56.982,55.645,2556600
2021-05-03,57.622,57.02,57.937,56.973,3011300
2021-05-04,58.166,57.355,58.453,56.992,2806600
2021-05-05,58.377,58.587,58.797,57.641,3220300
2021-05-06,57.889,58.682,58.845,57.335,2717400
2021-05-07,58.959,57.994,59.227,57.164,2725100
2021-05-10,59.551,59.141,61.041,58.854,3009300
2021-05-11,56.867,58.778,59.198,56.495,3499600
2021-05-12,52.923,56.428,56.638,52.684,4718100
2021-05-13,55.454,53.257,55.865,53.171,4288100
2021-05-14,55.836,55.836,56.657,55.492,1969400
2021-05-17,55.387,55.597,55.798,54.069,2142500
2021-05-18,53.611,55.502,55.645,53.515,2365800
2021-05-19,53.085,52.655,53.725,51.844,3139900
2021-05-20,53.544,53.047,53.926,52.875,1496400
2021-05-21,53.267,53.926,54.594,53.238,2408500
2021-05-24,53.505,53.696,53.935,53.429,1776300
2021-05-25,53.993,53.84,54.833,53.84,2182500
2021-05-26,55.034,54.231,55.645,54.069,2794100
2021-05-27,55.282,55.397,55.779,54.814,4695100
2021-05-28,55.196,55.96,56.008,54.824,2566800
2021-06-01,55.549,55.931,56.189,55.053,2522400
2021-06-02,54.785,55.549,55.979,54.25,3181600
2021-06-03,53.782,54.231,54.623,53.123,1999800
2021-06-04,54.394,54.193,54.451,53.257,2060100
2021-06-07,54.164,54.441,54.604,53.658,2006400
2021-06-08,54.403,54.413,54.671,54.021,1940800
2021-06-09,53.334,55.015,55.053,53.114,2925400
2021-06-10,51.696,53.152,53.401,51.38,4254800
2021-06-11,52.031,51.955,52.596,51.763,2608700
2021-06-14,51.256,51.849,52.443,50.834,3265700
2021-06-15,51.907,51.524,52.175,51.112,1988700
2021-06-16,50.863,51.782,51.974,50.815,2534200
2021-06-17,51.438,50.787,52.098,50.595,3266500
2021-06-18,51.39,50.873,52.338,50.739,5238700
2021-06-21,51.897,51.667,52.175,51.275,2075400
2021-06-22,52.079,52.012,52.271,51.466,2808000
2021-06-23,51.217,52.204,52.232,50.892,1755600
2021-06-24,51.15,51.217,51.572,50.48,3341900
2021-06-25,51.332,51.198,51.687,50.892,3957300
2021-06-28,52.156,51.677,52.347,51.131,3034700
2021-06-29,53.18,52.194,53.755,52.194,4589400
2021-06-30,52.252,51.802,52.836,51.802,4474000
2021-07-01,53.448,52.28,53.812,52.137,3119000
2021-07-02,52.893,53.726,53.755,52.625,2021500
2021-07-06,51.629,52.682,52.836,50.911,2638600
2021-07-07,52.769,51.926,53.334,51.773,3177800
2021-07-08,50.471,51.361,51.83,50.231,3393000
2021-07-09,50.968,50.978,51.591,50.566,1882000
2021-07-12,50.901,50.614,51.093,50.308,1705400
2021-07-13,49.475,50.605,50.624,49.149,2288100
2021-07-14,49.551,49.906,50.25,49.389,1570600
2021-07-15,49.36,49.216,49.867,48.804,1902500
2021-07-16,48.833,49.408,50.317,48.728,2125600
2021-07-19,48.757,47.962,49.178,47.885,2418600
2021-07-20,49.992,48.766,50.155,48.594,1846900
2021-07-21,50.605,50.202,50.988,50.059,1964600
2021-07-22,50.26,50.078,50.442,49.216,2183400
2021-07-23,51.773,50.566,52.06,50.547,2133100
2021-07-26,51.093,51.878,52.472,50.901,2610200
2021-07-27,51.122,49.781,51.217,49.35,3665900
2021-07-28,50.394,51.294,51.773,50.231,1859300
2021-07-29,52.721,50.997,53.228,50.873,2837800
2021-07-30,52.539,52.185,53.324,52.185,2227800
2021-08-02,52.625,52.922,53.238,52.462,2655700
2021-08-03,53.018,52.702,53.056,52.07,1652400
2021-08-04,51.026,52.529,53.18,51.016,2268700
2021-08-05,51.217,51.141,51.821,50.863,1829400
2021-08-06,50.7,51.419,51.754,50.48,1754100
2021-08-09,50.337,50.471,51.055,50.183,1272600
2021-08-10,51.17,50.241,51.84,50.097,1933800
2021-08-11,53.018,51.045,53.19,50.7,2254200
2021-08-12,52.146,53.104,53.468,51.955,1960000
2021-08-13,52.031,52.252,52.539,51.62,1213200
2021-08-16,52.299,51.83,52.816,51.457,1417200
2021-08-17,50.222,51.62,51.964,49.848,1914600
2021-08-18,50.126,49.81,51.122,49.379,1953000
2021-08-19,49.542,49.446,50.126,49.187,1711600
2021-08-20,50.471,49.436,50.767,49.341,1664900
2021-08-23,50.212,50.538,50.538,49.216,1708000
2021-08-24,51.313,50.576,52.108,50.384,1544000
2021-08-25,51.916,51.361,52.338,51.284,1496200
2021-08-26,51.533,51.926,52.06,51.026,1858500
2021-08-27,52.548,51.744,52.989,51.543,2023700
2021-08-30,51.859,52.769,52.769,51.849,1431700
2021-08-31,51.572,52.041,52.108,51.055,3790900
2021-09-01,52.366,51.754,52.405,51.419,2018000
2021-09-02,51.897,52.539,52.74,51.734,1435700
2021-09-03,51.122,51.706,52.06,50.566,2156500
2021-09-07,50.48,50.815,51.284,50.337,2126500
2021-09-08,47.426,47.684,48.68,47.407,5656000
2021-09-09,46.42,47.292,47.464,46.372,4649100
2021-09-10,45.894,46.794,46.985,45.817,2457600
2021-09-13,46.229,46.363,46.43,45.405,3240900
2021-09-14,45.176,46.554,46.803,44.927,2767200
2021-09-15,45.559,44.974,45.597,44.668,4232900
2021-09-16,46.171,45.424,46.899,45.424,2480300
2021-09-17,46.709,45.883,46.968,45.806,4720600
2021-09-20,45.49,45.662,46.392,44.904,2994200
2021-09-21,45.23,45.432,45.787,44.74,1958800
2021-09-22,45.979,45.72,46.68,45.432,2596900
2021-09-23,45.48,46.191,46.507,45.422,2569100
2021-09-24,45.605,45.384,45.864,44.923,2243400
2021-09-27,46.421,45.374,46.555,45.009,3253200
2021-09-28,45.317,45.941,46.507,45.019,2305900
2021-09-29,46.018,45.499,46.383,45.499,1578500
2021-09-30,44.097,46.191,46.248,44.078,2148500
2021-10-01,44.299,44.481,44.702,43.771,2536800
2021-10-04,44.414,44.116,45.038,43.915,1704600
2021-10-05,44.683,44.673,45.057,44.135,1644300
2021-10-06,45.125,44.395,45.48,44.251,1844000
2021-10-07,45.768,45.413,46.383,45.413,1620600
2021-10-08,45.451,45.826,46.056,45.269,1423900
2021-10-11,45.374,45.47,45.883,45.297,1415900
2021-10-12,45.97,45.442,46.143,45.269,2176300
2021-10-13,45.883,46.056,46.536,45.71,2396700
2021-10-14,47.285,46.133,47.372,46.075,1855400
2021-10-15,46.488,47.66,47.881,46.44,2921100
2021-10-18,47.41,46.267,47.449,46.046,2196700
2021-10-19,47.276,47.545,47.66,47.112,1830900
2021-10-20,48.217,47.477,48.553,47.449,1875400
2021-10-21,48.111,47.9,48.418,47.593,1319100
2021-10-22,47.746,48.332,48.889,47.669,1970500
2021-10-25,47.881,47.698,48.217,47.381,3076900
2021-10-26,46.748,47.401,48.006,45.97,3646300
2021-10-27,46.815,47.372,49.312,46.805,4439300
2021-10-28,46.728,47.112,47.208,46.315,3058300
2021-10-29,46.171,46.786,47.593,46.085,2763300
2021-11-01,46.748,46.143,47.016,45.816,1870800
2021-11-02,45.893,46.863,46.863,45.47,2397500
2021-11-03,46.469,45.653,47.276,45.653,2932500
2021-11-04,47.132,46.94,47.842,46.815,2068300
2021-11-05,48.428,47.621,48.687,47.468,2583700
2021-11-08,48.274,48.447,48.659,47.852,2039700
2021-11-09,49.849,48.697,50.195,48.61,2608600
2021-11-10,48.61,49.408,49.984,48.534,2804100
2021-11-11,48.687,48.927,49.34,48.668,2812600
2021-11-12,49.321,48.966,49.552,48.735,1829200
2021-11-15,48.562,49.427,49.494,48.447,1821400
2021-11-16,49.475,48.745,49.945,48.476,1721200
2021-11-17,50.281,49.417,50.377,49.043,2592000
2021-11-18,49.686,50.416,50.57,49.571,1716600
2021-11-19,50.176,49.84,51.578,49.801,3572000
2021-11-22,50.339,50.454,50.829,49.628,1953900
2021-11-23,50.8,50.185,50.925,49.801,1431000
2021-11-24,50.56,50.752,51.136,50.224,1469000
2021-11-26,49.542,49.552,50.435,48.841,1516600
2021-11-29,49.465,49.705,50.118,49.004,1822500
2021-11-30,48.044,49.1,50.099,47.785,3505500
2021-12-01,48.082,48.783,49.734,48.073,2579100
2021-12-02,50.406,49.177,50.637,48.37,2947600
2021-12-03,50.022,50.637,50.925,49.667,2713500
2021-12-06,51.828,50.694,51.972,50.262,3480300
2021-12-07,52.5,52.308,53.086,51.751,2323900
2021-12-08,53.172,52.826,53.345,52.5,2427100
2021-12-09,53.172,53.22,54.228,52.884,2265900
2021-12-10,53.988,53.527,54.036,53.22,2111000
2021-12-13,52.807,54.123,54.488,52.481,1982500
2021-12-14,51.863,52.191,52.306,51.257,2514300
2021-12-15,53.269,52.066,53.327,51.777,2570300
2021-12-16,51.989,52.614,53.115,51.844,2621100
2021-12-17,51.016,51.757,51.95,50.419,5114800
2021-12-20,49.572,50.486,50.515,48.975,2055900
2021-12-21,51.026,49.495,51.045,49.495,1482500
2021-12-22,52.518,51.122,52.547,50.968,1524700
2021-12-23,52.624,52.951,53.077,52.557,1080100
2021-12-27,53.327,52.874,53.337,52.489,1154200
2021-12-28,54.194,53.337,54.338,53.308,1368000
2021-12-29,55.513,54.184,55.638,54.02,3453700
2021-12-30,54.55,55.503,55.85,54.444,1582000
2021-12-31,55.041,54.685,55.253,54.3,905100
2022-01-03,54.011,55.205,55.426,53.731,1916100
2022-01-04,54.8,54.444,54.954,54.29,2157100
2022-01-05,54.03,54.752,55.792,53.953,2249100
2022-01-06,52.99,54.078,54.078,52.73,2259000
2022-01-07,50.342,52.932,52.932,50.323,3247800
2022-01-10,51.035,49.687,51.083,49.1,2378200
2022-01-11,52.865,51.141,52.932,50.872,2102700
2022-01-12,52.98,52.576,53.414,52.393,1651800
2022-01-13,54.82,55.705,55.937,54.242,3844200
2022-01-14,54.974,54.184,55.243,53.703,2931500
2022-01-18,52.499,54.049,54.232,51.998,3728100
2022-01-19,51.132,52.431,52.759,50.977,4139000
2022-01-20,50.429,51.555,52.037,50.332,2994800
2022-01-21,49.6,50.525,51.401,49.495,2540600
2022-01-24,51.998,48.792,52.046,48.551,4311300
2022-01-25,51.054,50.958,51.555,49.928,2985500
2022-01-26,49.177,51.844,52.123,48.503,3564700
2022-01-27,48.146,49.119,49.889,47.732,3876500
2022-01-28,49.35,48.349,49.379,47.001,3602500
2022-01-31,50.737,49.129,50.814,48.898,4024700
2022-02-01,51.218,52.104,52.104,48.792,5637100
2022-02-02,52.383,51.883,52.682,50.987,4698900
2022-02-03,50.881,51.94,51.989,50.766,4001300
2022-02-04,46.933,50.371,50.525,46.933,4946600
2022-02-07,47.049,47.299,47.569,46.538,4119800
2022-02-08,48.301,47.106,48.358,46.991,3708100
2022-02-09,49.533,48.82,50.092,48.82,3565700
2022-02-10,46.741,47.954,49.215,46.644,3605900
2022-02-11,46.086,47.203,47.838,45.855,3164600
2022-02-14,46.047,45.903,46.75,45.518,2983500
2022-02-15,47.087,46.452,47.241,46.452,2028500
2022-02-16,47.453,46.798,47.732,46.5,1849000
2022-02-17,46.172,47.222,47.79,46.047,2154600
2022-02-18,46.346,46.221,46.856,45.874,2779500
2022-02-22,44.516,45.701,46.192,44.093,3205000
2022-02-23,43.207,44.738,45.007,43.024,2853200
2022-02-24,44.892,41.887,45.094,41.502,3706800
2022-02-25,46.856,44.69,47.058,44.641,2787000
2022-02-28,47.819,47.79,48.127,46.943,4421700
2022-03-01,47.28,47.819,48.445,46.981,3993300
2022-03-02,48.185,47.665,48.734,47.395,2981700
2022-03-03,47.424,48.666,48.772,47.135,2515900
2022-03-04,47.54,47.145,47.588,46.519,2526900
2022-03-07,44.555,47.347,47.983,44.487,3842000
2022-03-08,44.372,44.439,46.259,43.727,2667200
2022-03-09,45.903,45.643,46.692,45.296,2492700
2022-03-10,45.402,44.834,45.518,44.227,2115900
2022-03-11,44.67,45.816,45.941,44.612,1845800
2022-03-14,42.757,44.825,44.825,42.207,3272600
2022-03-15,44.873,43.144,45.047,43.076,2709100
2022-03-16,45.028,45.375,46.148,43.115,2857900
2022-03-17,45.743,44.96,45.743,44.506,2130300
2022-03-18,46.786,45.018,47.047,44.892,4193700
2022-03-21,44.95,46.573,46.718,44.477,2329400
2022-03-22,44.815,45.182,45.723,44.091,2190200
2022-03-23,43.134,44.506,44.506,43.096,2578400
2022-03-24,43.057,42.844,43.241,42.168,2252600
2022-03-25,42.313,43.009,43.366,41.994,2366700
2022-03-28,42.188,42.303,42.786,41.791,1773800
2022-03-29,43.666,42.883,44.042,42.883,2781800
2022-03-30,42.835,43.666,43.762,42.439,1709900
2022-03-31,40.478,42.168,42.777,40.439,3496300
2022-04-01,40.932,41.173,41.589,40.4,3546800
2022-04-04,41.704,41.328,42.081,40.922,3193100
2022-04-05,40.478,41.666,42.188,40.168,3389600
2022-04-06,39.367,39.782,40.043,38.942,3434600
2022-04-07,38.884,39.289,39.985,38.265,3502000
2022-04-08,39.289,38.826,40.487,38.603,3370600
2022-04-11,40.062,38.777,40.613,38.748,2118000
2022-04-12,40.391,41.192,41.685,40.139,7494600
2022-04-13,41.25,40.439,41.521,40.391,2141900
2022-04-14,40.777,41.357,41.965,40.594,1834700
2022-04-18,40.642,40.574,41.347,40.265,1976700
2022-04-19,42.207,40.922,42.419,40.69,2310700
2022-04-20,42.419,42.516,43.269,42.033,2251400
2022-04-21,41.84,43.221,43.463,41.598,1720100
2022-04-22,40.487,41.598,41.685,40.42,2152900
2022-04-25,42.188,40.275,42.303,39.512,2262500
2022-04-26,41.135,41.83,42.545,41.086,1898900
2022-04-27,40.236,41.241,41.695,40.024,2932700
2022-04-28,42.043,41.077,42.361,39.83,3014000
2022-04-29,40.342,42.255,42.651,40.217,2656200
2022-05-02,40.999,40.275,41.077,39.714,3546500
2022-05-03,42.13,41.009,42.526,40.632,6817100
2022-05-04,44.303,42.487,44.438,41.192,3321400
2022-05-05,41.83,43.337,43.579,41.289,2824900
2022-05-06,41.337,41.347,41.811,39.975,2262700
2022-05-09,41.221,40.68,42.303,40.603,3234000
2022-05-10,40.478,41.849,41.965,39.927,3411000
2022-05-11,39.115,40.275,40.584,38.864,3908800
2022-05-12,40.729,39.154,41.212,38.932,2741000
2022-05-13,41.086,41.009,41.695,40.516,5990900
2022-05-16,41.279,41.173,41.618,39.183,2827600
2022-05-17,42.931,42.216,43.047,41.328,6018800
2022-05-18,40.226,41.791,42.13,39.956,3210900
2022-05-19,40.255,40.226,41.279,40.043,3300700
2022-05-20,41.289,40.922,41.328,39.869,2171400
2022-05-23,40.99,41.772,41.907,40.207,2696800
2022-05-24,39.541,40.7,40.864,38.758,2940700
2022-05-25,41.511,39.512,41.724,39.415,2605500
2022-05-26,43.453,42.023,43.666,41.917,2534100
2022-05-27,44.139,43.637,44.158,43.105,2189500
2022-05-31,43.724,43.405,44.149,42.825,3045700
2022-06-01,43.395,44.004,44.149,43.115,2049200
2022-06-02,43.965,43.637,44.255,43.173,1691600
2022-06-03,43.53,43.308,44.091,42.999,1167300
2022-06-06,43.588,43.492,44.052,43.096,1587100
2022-06-07,43.762,42.825,43.83,42.545,2085400
2022-06-08,42.574,43.289,43.55,42.371,1736600
2022-06-09,42.642,42.332,43.466,42.264,1701100
2022-06-10,40.713,42.041,42.419,40.655,2270800
2022-06-13,38.745,39.491,40.451,38.396,4716900
2022-06-14,38.658,38.813,39.482,38.377,2747900
2022-06-15,38.222,38.987,39.375,37.417,2793600
2022-06-16,35.158,36.932,37.233,34.761,3090500
2022-06-17,35.139,34.926,35.517,33.956,8333200
2022-06-21,36.031,36.263,36.651,35.061,2909200
2022-06-22,36.758,34.809,37.184,34.732,4543500
2022-06-23,38.503,37.146,38.59,37.078,3264500
2022-06-24,39.152,38.658,39.617,38.241,3589000
2022-06-27,39.346,39.123,39.84,38.774,2195000
2022-06-28,38.648,39.53,39.976,38.619,2174800
2022-06-29,38.377,38.648,38.813,37.785,1920600
2022-06-30,38.415,37.902,38.919,37.495,2109400
2022-07-01,40.926,38.6,41.197,38.338,3384300
2022-07-05,42.38,40.257,42.399,39.995,3319000
2022-07-06,41.915,42.574,42.991,40.848,2758400
2022-07-07,42.244,42.06,42.584,41.294,1924700
2022-07-08,42.845,41.818,43.214,41.818,2341500
2022-07-11,42.651,42.632,43.417,42.458,2007300
2022-07-12,42.71,42.332,44.076,42.254,2853200
2022-07-13,42.971,41.575,43.262,41.052,1874400
2022-07-14,42.458,42.409,42.622,41.411,2959600
2022-07-15,42.603,43.282,43.378,41.653,1775900
2022-07-18,42.128,42.477,42.971,41.837,2118900
2022-07-19,43.185,42.651,43.475,41.876,2033000
2022-07-20,43.01,43.088,43.388,42.487,2210800
2022-07-21,44.183,42.506,44.212,41.682,2773400
2022-07-22,44.503,44.629,45.763,43.863,1912500
2022-07-25,43.33,43.853,43.979,42.933,2879200
2022-07-26,41.488,43.805,43.912,41.459,3209700
2022-07-27,42.322,41.13,42.545,40.335,3401000
2022-07-28,42.37,42.467,43.03,41.624,2697500
2022-07-29,42.283,42.361,42.535,41.411,2154000
2022-08-01,42.816,42.283,43.408,41.837,2776700
2022-08-02,40.422,42.283,42.525,40.403,2388200
2022-08-03,40.577,40.713,41.052,40.005,2340600
2022-08-04,41.314,40.48,41.779,40.112,2045800
2022-08-05,41.081,40.403,41.178,39.869,1510300
2022-08-08,42.186,41.401,42.613,41.353,1685400
2022-08-09,40.887,41.915,42.138,40.722,1776300
2022-08-10,42.777,42.118,43.359,42.118,1985400
2022-08-11,42.913,43.262,43.805,42.787,1975900
2022-08-12,43.572,42.981,43.601,42.7,1367900
2022-08-15,43.049,43.252,43.776,42.865,1350200
2022-08-16,43.185,42.768,43.689,42.293,1315000
2022-08-17,42.167,42.642,42.768,41.924,1075100
2022-08-18,42.37,42.244,42.506,41.808,1023300
2022-08-19,41.013,41.963,42.021,40.848,2217100
2022-08-22,39.734,40.461,40.587,39.666,1643900
2022-08-23,39.889,39.773,40.48,39.773,1402900
2022-08-24,40.8,39.569,41.217,39.385,1880200
2022-08-25,41.731,40.49,41.857,40.49,1700900
2022-08-26,39.782,41.711,41.866,39.608,1665700
2022-08-29,39.656,39.375,40.354,39.336,1969200
2022-08-30,39.724,40.044,40.296,39.298,1997500
2022-08-31,39.414,39.821,40.083,39.026,3292600
2022-09-01,39.317,39.026,39.443,38.396,2839800
2022-09-02,39.21,39.899,40.083,38.861,1810300
2022-09-06,38.59,39.268,39.356,38.212,2907600
2022-09-07,39.385,38.745,39.472,38.667,2029900
2022-09-08,39.569,38.968,39.617,38.59,2191100
2022-09-09,40.49,39.908,40.713,39.637,1837200
2022-09-12,40.839,40.829,41.323,40.606,1641200
2022-09-13,37.999,39.278,39.579,37.873,3404200
2022-09-14,37.717,38.192,38.26,37.194,2670800
2022-09-15,37.669,37.824,38.629,37.533,2290100
2022-09-16,38.154,37.359,38.464,37.242,6318700
2022-09-19,39.424,38.629,39.695,38.619,3144400
2022-09-20,38.755,38.687,39.094,38.406,2918200
2022-09-21,38.278,39.027,39.737,38.2,2213600
2022-09-22,37.86,37.986,38.628,37.636,3085500
2022-09-23,38.093,37.451,38.21,37.198,2625000
2022-09-26,36.887,37.85,38.161,36.848,1949800
2022-09-27,36.527,37.383,37.607,36.225,2067500
2022-09-28,38.375,37.052,38.677,36.741,2496200
2022-09-29,37.11,37.597,37.684,36.906,1821700
2022-09-30,36.488,37.052,37.256,36.429,2481600
2022-10-03,38.19,37.227,38.414,36.779,2542300
2022-10-04,39.883,38.891,39.903,38.891,2159400
2022-10-05,39.757,39.387,39.981,39.095,1957100
2022-10-06,40.156,39.591,40.38,39.426,1732700
2022-10-07,39.008,39.591,39.591,38.453,1950700
2022-10-10,38.784,39.377,39.504,38.473,1591800
2022-10-11,38.871,38.56,39.64,38.229,1647000
2022-10-12,37.947,38.823,39.017,37.918,2199700
2022-10-13,37.801,36.974,38.142,35.534,2804700
2022-10-14,36.565,38.044,38.375,36.215,2140400
2022-10-17,37.295,37.315,37.84,37.042,2066700
2022-10-18,38.56,38.064,38.609,37.694,2487000
2022-10-19,36.157,37.928,37.967,35.651,2849400
2022-10-20,35.602,36.303,37.169,35.515,2135000
2022-10-21,36.478,35.135,36.595,35.018,2764000
2022-10-24,36.935,36.809,37.159,36.205,3586200
2022-10-25,38.482,36.935,39.416,36.76,5781900
2022-10-26,37.83,38.044,38.833,37.752,3130300
2022-10-27,38.171,37.928,39.154,37.47,3234700
2022-10-28,39.241,37.918,39.358,37.743,2043200
2022-10-31,38.91,38.735,39.037,37.996,2742700
2022-11-01,38.725,39.806,39.932,38.375,2860400
2022-11-02,37.597,38.55,39.523,37.577,2584200
2022-11-03,36.215,36.799,37.052,36.059,2750900
2022-11-04,37.227,36.877,37.577,36.322,2192600
2022-11-07,37.675,37.47,37.723,36.614,2046400
2022-11-08,37.869,37.869,38.336,37.178,2991700
2022-11-09,37.538,37.558,39.134,37.276,2829100
2022-11-10,42.598,39.971,43.026,39.922,4704600
2022-11-11,43.172,42.637,43.659,42.306,2785300
2022-11-14,41.362,43.007,43.153,41.343,2646000
2022-11-15,42.442,42.403,43.104,41.547,2415000
2022-11-16,42.52,42.17,42.608,41.897,2262400
2022-11-17,41.683,41.401,41.742,40.594,1918900
2022-11-18,41.693,42.384,42.472,41.051,1442300
2022-11-21,41.265,41.664,41.683,40.915,1599200
2022-11-22,42.549,41.946,42.569,41.839,1540500
2022-11-23,43.493,42.549,43.581,42.15,1806800
2022-11-25,43.318,43.075,43.376,43.007,988000
2022-11-28,42.637,42.832,43.192,42.442,1910500
2022-11-29,42.9,42.306,43.114,42.228,1924000
2022-11-30,43.571,42.666,43.639,41.644,6002300
2022-12-01,43.931,44.135,44.885,43.61,2285500
2022-12-02,43.386,43.016,43.873,42.851,1467700
2022-12-05,42.53,42.501,42.939,42.277,1410400
2022-12-06,42.209,42.705,42.861,41.625,2177900
2022-12-07,43.396,42.51,43.649,42.374,1568400
2022-12-08,43.211,43.162,43.795,42.89,1468800
2022-12-09,42.734,42.647,43.269,42.442,1156300
2022-12-12,43.61,42.87,43.805,42.617,1944900
2022-12-13,44.713,46.051,46.491,44.372,2780200
2022-12-14,45.241,45.124,45.729,44.44,2773300
2022-12-15,45.944,44.069,46.256,43.844,4093600
2022-12-16,45.211,45.026,45.524,44.704,4336600
2022-12-19,44.02,44.801,45.114,43.942,2126600
2022-12-20,43.727,43.669,44.167,43.356,1616500
2022-12-21,44.684,44.45,44.997,44.274,1388400
2022-12-22,44.948,44.079,44.967,43.835,1211800
2022-12-23,44.713,44.635,44.967,44.274,963800
2022-12-27,44.792,44.528,44.967,44.274,1092200
2022-12-28,43.835,44.86,44.948,43.747,1221700
2022-12-29,44.743,43.981,45.065,43.542,930500
2022-12-30,44.46,44.206,44.684,44.049,1320800
2023-01-03,45.114,45.309,45.397,44.46,1500600
2023-01-04,46.295,45.778,46.539,45.426,2442900
2023-01-05,46.549,45.69,46.803,45.504,2150800
2023-01-06,47.174,46.891,47.389,46.696,1952700
2023-01-09,46.998,47.409,47.946,46.959,1506800
2023-01-10,47.291,46.608,47.369,46.295,1292900
2023-01-11,48.658,47.848,48.746,47.701,1848100
2023-01-12,49.127,48.815,49.322,47.965,2071700
2023-01-13,49.547,48.199,49.733,48.112,2086000
2023-01-17,49.869,49.615,50.162,49.371,2638400
2023-01-18,49.772,50.094,51.051,49.684,2472600
2023-01-19,49.0,49.742,49.859,48.717,1973300
2023-01-20,49.518,49.235,49.557,48.317,1945100
2023-01-23,49.859,49.342,50.24,49.235,1528400
2023-01-24,50.406,50.436,50.777,49.606,1704400
2023-01-25,50.758,49.918,50.963,49.84,1662100
2023-01-26,51.139,51.041,51.588,50.172,1800800
2023-01-27,51.383,50.963,51.939,50.758,2225200
2023-01-30,50.768,50.934,51.773,50.709,2971900
2023-01-31,55.552,54.879,55.64,53.775,7896100
2023-02-01,57.066,55.455,57.271,54.752,5325100
2023-02-02,58.853,57.73,59.458,57.584,3653700
2023-02-03,57.418,57.359,58.374,56.89,2772700
2023-02-06,56.129,56.636,56.793,55.982,2527300
2023-02-07,56.705,55.64,56.959,55.367,2849400
2023-02-08,54.205,56.363,56.373,53.961,3785800
2023-02-09,54.263,54.888,55.299,54.049,2636100
2023-02-10,54.664,53.941,54.898,53.922,2657600
2023-02-13,56.041,54.664,56.07,54.351,2632400
2023-02-14,55.152,55.338,56.07,54.927,2125300
2023-02-15,55.406,54.644,55.738,54.41,1496800
2023-02-16,54.595,54.224,55.064,53.931,2438200
2023-02-17,53.023,54.078,54.156,52.291,3175300
2023-02-21,51.52,51.607,52.623,51.354,2617900
2023-02-22,51.871,52.144,52.555,51.588,2212200
2023-02-23,52.73,52.232,52.945,51.559,1901100
2023-02-24,52.32,51.529,52.447,51.402,2756800
2023-02-27,52.437,53.043,53.219,52.242,1609600
2023-02-28,53.385,52.34,53.658,52.34,3437300
2023-03-01,52.945,53.121,54.097,52.857,2327400
2023-03-02,53.004,52.418,53.14,52.144,2146300
2023-03-03,53.892,53.717,54.263,53.199,2133200
2023-03-06,53.502,53.599,54.117,53.16,2817700
2023-03-07,52.769,53.717,54.049,52.75,2893000
2023-03-08,53.463,53.14,53.502,52.496,2886800
2023-03-09,53.16,53.541,54.527,53.121,2944600
2023-03-10,52.213,53.472,53.873,51.178,3497000
2023-03-13,52.935,51.168,53.355,51.012,4165700
2023-03-14,53.726,53.599,54.361,53.15,3146000
2023-03-15,53.336,53.14,54.508,52.291,3351600
2023-03-16,54.644,53.355,54.869,52.652,3010400
2023-03-17,54.272,54.801,54.879,53.783,8678900
2023-03-20,54.213,54.419,54.918,54.018,2707900
2023-03-21,54.664,54.752,55.33,54.458,2826800
2023-03-22,54.772,55.369,55.986,54.762,3243300
2023-03-23,55.222,55.614,56.691,54.703,2749400
2023-03-24,55.486,55.046,55.761,54.115,2105700
2023-03-27,55.379,55.751,56.25,55.3,1953900
2023-03-28,56.084,55.555,56.378,55.535,1683300
2023-03-29,55.966,56.505,56.75,55.584,1711500
2023-03-30,55.604,56.133,56.143,55.457,1456500
2023-03-31,57.073,55.624,57.171,55.624,2728800
2023-04-03,57.778,56.828,57.925,56.828,1893900
2023-04-04,57.21,57.651,58.013,56.799,2290100
2023-04-05,57.416,56.955,57.631,56.857,1932000
2023-04-06,56.642,57.151,57.367,56.211,2150700
2023-04-10,57.122,56.417,57.651,56.074,2976600
2023-04-11,58.522,57.788,59.002,57.67,3059700
2023-04-12,58.512,58.904,59.149,58.346,2115300
2023-04-13,57.984,58.836,58.836,57.964,2584000
2023-04-14,58.894,58.228,58.963,58.121,2915700
2023-04-17,59.335,58.728,59.541,58.708,2125000
2023-04-18,61.294,59.854,61.421,59.737,3667500
2023-04-19,61.147,60.892,61.294,60.461,2063900
2023-04-20,61.509,62.39,63.154,61.421,3213600
2023-04-21,61.529,61.548,61.862,60.892,2301000
2023-04-24,62.537,61.059,62.694,61.059,4045500
2023-04-25,63.605,63.477,64.711,63.164,6770700
2023-04-26,63.291,63.37,64.065,63.076,4256500
2023-04-27,64.897,64.153,64.897,63.517,3958200
2023-04-28,65.759,65.083,65.808,64.907,3065800
2023-05-01,64.418,65.661,66.004,64.202,3758400
2023-05-02,64.408,64.408,64.564,63.36,3898400
2023-05-03,65.113,64.633,65.818,64.604,4048100
2023-05-04,64.995,65.172,65.612,64.457,3393800
2023-05-05,65.632,65.367,65.828,64.682,2454600
2023-05-08,66.376,65.319,66.503,65.26,2101400
2023-05-09,66.327,66.552,67.306,66.239,3538200
2023-05-10,66.396,66.866,67.101,65.632,3006200
2023-05-11,66.709,66.543,66.846,66.092,1939100
2023-05-12,67.013,66.827,67.453,66.268,2560000
2023-05-15,67.13,66.846,67.267,66.425,2431100
2023-05-16,67.923,66.435,68.237,66.219,3037400
2023-05-17,68.061,67.806,68.403,67.493,2595100
2023-05-18,68.697,68.129,69.079,67.718,2702100
2023-05-19,67.747,68.805,68.903,67.287,2237400
2023-05-22,66.024,67.777,68.472,65.965,2771900
2023-05-23,64.329,65.044,65.054,63.81,4263800
2023-05-24,64.398,64.623,65.172,64.055,2388000
2023-05-25,65.142,65.152,65.71,64.839,2302300
2023-05-26,64.506,64.672,65.035,64.153,2493400
2023-05-30,65.309,64.897,65.397,64.525,2387700
2023-05-31,64.711,65.132,65.358,63.928,6403100
2023-06-01,65.906,64.77,65.984,64.672,2136500
2023-06-02,67.943,66.082,68.002,66.082,2472700
2023-06-05,67.982,67.816,68.335,67.052,1835700
2023-06-06,70.685,68.256,70.754,68.256,3192100
2023-06-07,70.088,70.754,71.38,69.98,3011600
2023-06-08,69.735,69.882,70.372,69.667,2332300
2023-06-09,70.499,69.725,70.861,69.373,2454700
2023-06-12,71.39,70.665,71.919,70.019,2365300
2023-06-13,72.36,71.674,72.653,71.674,3233300
2023-06-14,71.733,72.428,72.986,71.331,2696600
2023-06-15,72.428,72.595,72.967,71.782,2476700
2023-06-16,72.144,72.212,73.419,71.633,5782900
2023-06-20,73.488,72.585,73.783,72.428,2272200
2023-06-21,74.342,72.919,74.519,72.723,2384800
2023-06-22,74.636,73.959,74.901,73.733,2392100
2023-06-23,74.852,74.45,75.098,74.254,4495300
2023-06-26,74.617,74.95,76.04,74.46,2266400
2023-06-27,77.208,75.009,77.335,74.823,2253600
2023-06-28,76.275,76.845,77.679,76.138,3099700
2023-06-29,75.883,76.01,76.246,75.127,1835500
2023-06-30,76.236,76.324,76.697,75.559,2183600
2023-07-03,75.853,76.56,76.599,75.264,1389600
2023-07-05,75.686,76.658,76.903,75.353,2481900
2023-07-06,73.616,74.852,74.872,72.948,3177400
2023-07-07,73.635,73.508,74.45,73.439,2728500
2023-07-10,75.942,73.773,75.951,73.606,2127900
2023-07-11,76.746,76.059,76.982,76.03,2423800
2023-07-12,78.513,77.502,78.68,77.09,2332700
2023-07-13,78.856,78.994,79.553,78.513,2997400
2023-07-14,80.976,79.455,81.006,79.239,2401900
2023-07-17,80.181,80.417,80.898,79.71,2150700
2023-07-18,80.495,80.387,80.986,79.965,2203200
2023-07-19,80.436,80.073,80.662,79.563,2436800
2023-07-20,76.079,81.084,81.428,75.48,4334000
2023-07-21,76.638,76.059,77.335,75.785,2258500
2023-07-24,77.07,76.58,77.129,76.01,2845400
2023-07-25,81.869,76.393,82.311,76.177,5395900
2023-07-26,82.733,82.743,83.42,81.683,4217400
2023-07-27,82.085,83.42,84.411,81.585,2978100
2023-07-28,83.243,83.253,83.587,82.439,2277600
2023-07-31,82.821,83.724,83.901,81.673,1909500
2023-08-01,83.047,82.527,83.597,82.272,1596300
2023-08-02,82.007,82.409,82.811,80.917,2231100
2023-08-03,79.936,81.545,81.555,78.984,2621500
2023-08-04,82.782,80.643,83.027,80.044,2732200
2023-08-07,84.038,82.782,84.166,82.645,1752700
2023-08-08,84.411,83.518,84.519,82.821,1501700
2023-08-09,83.489,84.333,84.5,83.273,1499600
2023-08-10,81.418,83.979,84.558,80.535,1917500
2023-08-11,81.231,81.369,82.095,80.927,1716800
2023-08-14,82.478,81.074,82.517,80.692,1673200
2023-08-15,82.674,82.399,83.744,81.496,2268200
2023-08-16,81.025,82.635,83.155,80.77,2196100
2023-08-17,77.325,81.408,81.889,77.188,3032300
2023-08-18,77.826,76.687,78.238,76.334,2762800
2023-08-21,76.511,77.924,78.248,75.569,2409100
2023-08-22,77.365,76.511,78.268,76.511,2330200
2023-08-23,78.179,77.973,79.563,77.453,2492600
2023-08-24,76.913,78.14,79.013,76.884,2581800
2023-08-25,75.736,77.119,77.335,73.724,2898900
2023-08-28,76.324,75.971,76.648,75.48,2010400
2023-08-29,78.425,76.059,78.513,75.323,2420200
2023-08-30,79.592,78.454,80.427,77.983,2607200
2023-08-31,80.535,79.543,80.672,78.886,2823700
2023-09-01,81.094,80.721,81.604,80.181,2120500
2023-09-05,76.442,80.711,80.996,76.0,2897600
2023-09-06,77.738,76.678,77.963,76.403,2055800
2023-09-07,79.475,77.639,79.956,77.296,2971200
2023-09-08,79.22,79.19,80.014,78.66,1697500
2023-09-11,80.181,79.534,81.624,79.396,2348900
2023-09-12,76.913,79.877,80.652,76.629,2298100
2023-09-13,75.529,76.952,77.738,74.98,2942600
2023-09-14,77.119,76.354,77.168,75.569,2480100
2023-09-15,75.005,75.634,75.723,73.786,5886900
2023-09-18,75.349,75.123,75.929,74.484,1876700
2023-09-19,75.861,75.261,76.283,74.553,2135400
2023-09-20,75.182,76.205,77.227,75.025,2485900
2023-09-21,72.674,73.874,74.022,71.553,2872800
2023-09-22,72.714,73.195,73.323,72.114,1600000
2023-09-25,72.704,72.32,73.49,72.183,1817600
2023-09-26,72.055,72.596,73.294,71.956,1852400
2023-09-27,71.986,72.881,73.097,71.583,1763400
2023-09-28,73.53,71.701,73.854,71.553,2267100
2023-09-29,72.822,73.972,74.435,72.242,1559000
2023-10-02,72.006,72.222,73.481,71.75,1939000
2023-10-03,69.557,71.278,71.652,68.819,2567500
2023-10-04,71.16,70.039,71.337,69.567,2393800
2023-10-05,70.678,70.786,71.642,70.334,2311300
2023-10-06,71.002,69.832,71.465,68.957,2387400
2023-10-09,71.907,70.344,71.966,69.822,1444700
2023-10-10,72.704,71.927,73.933,71.927,2037400
2023-10-11,74.336,73.963,75.428,73.304,1979900
2023-10-12,70.717,73.254,73.53,69.94,2107300
2023-10-13,71.681,71.012,72.202,70.717,1823000
2023-10-16,71.671,72.566,72.881,71.229,1692500
2023-10-17,72.242,71.12,73.195,70.825,2057100
2023-10-18,70.609,71.366,71.937,70.589,1751100
2023-10-19,68.967,70.845,71.111,68.593,2991600
2023-10-20,68.495,69.144,69.96,68.062,2673000
2023-10-23,69.4,68.416,70.147,68.19,3260400
2023-10-24,70.462,68.111,71.111,67.659,4691600
2023-10-25,69.842,70.619,70.648,69.045,2521400
2023-10-26,71.14,70.648,72.36,70.294,2378100
2023-10-27,70.727,71.76,71.76,70.511,2096300
2023-10-30,71.032,71.396,71.917,70.019,1862900
2023-10-31,72.369,71.524,72.704,71.248,2400100
2023-11-01,75.949,72.34,76.156,71.878,3653700
2023-11-02,78.84,77.995,80.197,77.867,3721200
2023-11-03,81.987,81.309,82.853,81.21,3094200
2023-11-06,80.502,81.141,81.751,80.207,2345300
2023-11-07,80.669,80.65,81.938,80.306,1949800
2023-11-08,80.335,80.886,81.259,79.922,1618600
2023-11-09,79.568,80.345,81.033,79.263,1770200
2023-11-10,81.004,80.158,81.279,79.263,2055900
2023-11-13,80.679,80.266,81.171,79.657,1935800
2023-11-14,86.393,83.974,87.278,83.895,3182400
2023-11-15,85.596,86.059,87.337,85.498,1833000
2023-11-16,85.527,86.088,86.619,85.409,2212100
2023-11-17,86.835,85.99,86.983,85.852,2079600
2023-11-20,86.796,86.531,87.062,85.823,1407600
2023-11-21,85.842,86.245,87.012,85.813,1576100
2023-11-22,86.481,86.934,87.681,86.019,1498700
2023-11-24,86.639,85.793,86.708,85.793,613300
2023-11-27,86.452,86.629,86.865,86.088,1563600
2023-11-28,86.137,86.432,86.993,85.911,1482900
2023-11-29,86.55,87.042,87.386,86.432,1263600
2023-11-30,86.953,86.216,87.062,85.154,2742900
2023-12-01,89.51,87.042,89.894,87.042,2474700
2023-12-04,89.51,88.733,89.923,88.32,1831800
2023-12-05,89.412,89.451,90.081,88.999,1581900
2023-12-06,90.926,90.474,92.225,90.474,2144200
2023-12-07,92.893,91.231,92.923,90.956,2142500
2023-12-08,94.713,92.431,95.017,92.431,2226900
2023-12-11,94.457,94.28,94.958,93.798,1774200
2023-12-12,94.398,94.713,95.017,94.211,1608000
2023-12-13,96.335,95.175,97.24,93.778,3163500
2023-12-14,103.14,98.037,103.347,98.037,4060700
2023-12-15,100.79,101.891,103.386,100.466,6866200
2023-12-18,100.504,100.78,100.8,98.928,2324600
2023-12-19,101.431,100.82,102.682,100.209,2348100
2023-12-20,100.583,101.293,102.682,100.485,1672300
2023-12-21,100.928,102.327,102.603,100.09,1259400
2023-12-22,100.928,101.519,101.549,100.485,1410200
2023-12-26,101.667,101.243,102.11,100.908,1111800
2023-12-27,102.406,101.844,102.761,101.44,1177900
2023-12-28,101.972,101.775,102.682,101.529,880700
2023-12-29,101.706,101.677,102.327,101.214,1227800
2024-01-02,100.061,100.337,101.056,99.223,2533700
2024-01-03,98.997,98.534,99.824,97.578,2018700
2024-01-04,98.839,98.435,99.992,98.218,1984900
2024-01-05,99.992,98.396,100.829,98.396,1601900
2024-01-08,102.209,100.829,102.248,100.741,1538100
2024-01-09,101.795,101.046,102.051,100.82,1289000
2024-01-10,103.667,103.175,104.554,102.997,1421500
2024-01-11,104.268,102.416,104.327,101.933,1341400
2024-01-12,103.372,104.584,104.83,102.485,1113800
2024-01-16,102.593,102.554,103.253,101.795,1620400
2024-01-17,102.229,101.677,102.455,100.958,1705300
2024-01-18,102.702,103.657,104.249,101.45,1439300
2024-01-19,104.515,103.125,104.662,101.972,1543500
2024-01-22,107.638,105.323,107.658,104.82,2386900
2024-01-23,102.081,104.722,106.525,100.938,3189200
2024-01-24,100.859,103.017,103.618,100.15,2313500
2024-01-25,103.588,101.618,103.608,101.401,2157500
2024-01-26,103.579,103.372,104.781,103.007,1891800
2024-01-29,104.505,103.519,105.037,103.046,2840400
2024-01-30,104.002,106.229,109.126,103.657,3473100
2024-01-31,103.027,103.588,106.15,102.761,2255500
2024-02-01,105.165,104.219,105.441,102.909,1563700
2024-02-02,104.416,103.263,105.599,101.815,1641300
2024-02-05,102.82,103.362,103.5,101.746,1893500
2024-02-06,101.066,103.007,103.007,100.051,2195200
2024-02-07,101.5,101.815,102.751,101.273,1765500
2024-02-08,101.746,101.766,102.574,100.701,1430900
2024-02-09,101.588,101.509,102.406,100.652,1695500
2024-02-12,104.13,101.884,104.781,101.647,1516800
2024-02-13,100.504,99.824,101.736,98.77,2120500
2024-02-14,102.298,101.953,102.978,100.721,1390600
2024-02-15,102.948,102.879,103.391,101.657,1336900
2024-02-16,99.962,101.549,101.884,99.805,1528000
2024-02-20,101.529,99.026,101.736,98.77,1704500
2024-02-21,102.101,103.086,104.318,101.086,1264800
2024-02-22,103.145,103.096,104.564,102.692,1462400
2024-02-23,104.189,103.579,105.264,103.579,1013300
2024-02-26,104.643,104.387,105.618,104.17,1527400
2024-02-27,105.293,105.254,106.328,104.515,1653200
2024-02-28,104.869,104.938,105.727,104.249,1226700
2024-02-29,106.791,105.707,107.136,105.382,2580300
2024-03-01,109.579,106.791,109.776,106.466,1836800
2024-03-04,109.402,110.584,111.767,109.165,2510000
2024-03-05,108.83,109.018,111.412,108.18,2096300
2024-03-06,109.806,109.816,110.023,108.653,2046500
2024-03-07,112.131,110.84,113.038,110.84,1864200
2024-03-08,111.028,112.683,113.511,110.249,1284900
2024-03-11,109.225,110.574,110.693,107.51,1464400
2024-03-12,110.515,108.998,111.284,108.131,1528400
2024-03-13,112.604,110.9,113.117,110.446,1988300
2024-03-14,108.301,112.881,113.157,107.807,2828700
2024-03-15,109.465,107.195,110.008,107.185,4465500
2024-03-18,108.755,109.87,110.295,107.61,1596400
2024-03-19,109.969,108.143,110.166,107.718,1635300
2024-03-20,112.515,110.107,113.108,109.426,1512700
2024-03-21,114.559,113.799,115.654,113.769,1625600
2024-03-22,114.944,114.835,115.891,113.996,1645600
2024-03-25,114.193,114.302,115.763,114.154,1107300
2024-03-26,114.49,114.381,115.319,114.213,1360900
2024-03-27,116.483,115.496,116.73,114.815,1407500
2024-03-28,119.06,116.651,119.326,116.562,1624200
2024-04-01,116.898,118.931,119.514,116.335,1246300
2024-04-02,112.723,114.332,114.539,110.907,2025400
2024-04-03,114.124,112.229,114.243,112.042,1461000
2024-04-04,112.367,115.575,116.227,111.785,1778800
2024-04-05,114.845,112.624,115.131,112.397,1298900
2024-04-08,113.562,115.062,115.477,113.522,1679800
2024-04-09,113.897,114.381,114.509,111.301,1307100
2024-04-10,107.985,109.554,110.413,107.689,2239000
2024-04-11,109.15,108.005,110.127,108.005,1175400
2024-04-12,109.456,108.478,109.475,107.866,1535400
2024-04-15,107.383,109.475,110.097,107.017,1839600
2024-04-16,105.478,105.981,106.238,103.987,1576900
2024-04-17,104.777,106.662,106.79,104.599,1285000
2024-04-18,104.589,108.084,108.241,104.55,1905500
2024-04-19,104.066,104.876,106.593,103.247,2319200
2024-04-22,106.435,104.945,106.435,103.829,2698900
2024-04-23,111.301,105.675,111.785,104.451,3514500
2024-04-24,110.808,111.933,113.137,109.752,2045200
2024-04-25,109.919,108.577,110.196,105.724,1889800
2024-04-26,112.328,110.847,113.226,110.571,1747100
2024-04-29,113.078,113.009,113.799,112.19,1238900
2024-04-30,109.979,111.805,112.851,109.633,1547700
2024-05-01,110.373,110.137,113.394,109.011,1416300
2024-05-02,112.377,111.449,112.436,109.564,1679100
2024-05-03,115.131,116.098,119.178,115.082,1875000
2024-05-06,116.128,116.602,117.204,115.447,1653700
2024-05-07,115.437,116.256,117.214,115.408,1887300
2024-05-08,114.292,114.302,115.2,113.591,1293400
2024-05-09,115.477,114.628,116.128,114.529,1277900
2024-05-10,116.158,115.704,116.553,115.348,1614500
2024-05-13,114.874,117.026,117.026,114.776,1254400
2024-05-14,114.677,115.516,115.783,114.341,1351900
2024-05-15,120.491,117.016,120.767,116.918,2897700
2024-05-16,117.125,120.086,121.132,116.878,1872900
2024-05-17,117.53,117.53,117.925,116.325,1319800
2024-05-20,117.658,117.49,118.724,117.49,1541100
2024-05-21,116.375,117.411,117.855,115.852,1084800
2024-05-22,112.723,115.171,115.832,111.647,2004000
2024-05-23,111.282,113.433,113.72,110.837,1378200
2024-05-24,112.821,112.496,113.305,112.15,812900
2024-05-28,111.795,113.058,113.532,111.005,1335800
2024-05-29,111.084,110.64,111.815,110.058,1511700
2024-05-30,114.272,112.111,114.371,111.834,1343400
2024-05-31,115.802,115.023,115.901,113.769,3452400
2024-06-03,113.996,116.266,116.266,113.799,1481400
2024-06-04,111.43,113.226,113.818,110.709,1364100
2024-06-05,114.075,111.943,114.193,110.946,1333800
2024-06-06,113.009,114.095,114.371,112.357,1477400
2024-06-07,110.097,109.446,110.581,107.432,1628000
2024-06-10,111.933,109.288,112.071,108.853,1828300
2024-06-11,109.515,111.104,111.469,109.169,1247000
2024-06-12,113.868,115.111,116.572,113.345,2509800
2024-06-13,113.976,113.887,114.42,112.219,908200
2024-06-14,112.614,112.565,113.058,110.985,1458800
2024-06-17,112.93,112.279,112.999,111.44,1324600
2024-06-18,109.894,111.951,112.465,109.529,1916700
2024-06-20,109.449,109.687,111.012,108.105,2068300
2024-06-21,110.32,109.736,110.32,107.561,3713700
2024-06-24,111.417,110.32,112.554,110.122,1522000
2024-06-25,108.807,111.14,111.14,107.877,1495500
2024-06-26,108.817,108.134,109.173,107.778,1224200
2024-06-27,108.52,108.728,109.143,107.986,1204000
2024-06-28,108.866,108.876,110.27,107.818,3680600
2024-07-01,105.039,109.252,109.746,104.763,2152300
2024-07-02,103.349,101.915,103.942,101.598,2588500
2024-07-03,103.883,103.101,105.455,102.716,1180700
2024-07-05,102.785,103.625,104.209,102.083,1853300
2024-07-08,104.08,103.794,104.674,102.854,1543400
2024-07-09,103.527,103.606,105.306,103.082,1445400
2024-07-10,105.949,104.189,106.107,103.912,1439600
2024-07-11,112.564,109.736,113.652,109.173,2624500
2024-07-12,115.026,113.691,116.233,113.691,2337200
2024-07-15,114.937,115.54,116.944,114.591,2146300
2024-07-16,123.164,117.014,123.401,116.628,2862100
2024-07-17,120.356,121.958,122.907,120.237,2643500
2024-07-18,123.401,122.274,128.395,122.057,3257700
2024-07-19,123.362,123.204,124.894,122.195,2098800
2024-07-22,124.232,122.887,124.262,121.424,2564600
2024-07-23,124.262,119.357,125.537,118.655,3585300
2024-07-24,121.186,123.915,124.469,121.048,2765700
2024-07-25,123.599,121.799,125.626,120.682,2618100
2024-07-26,128.533,126.842,129.463,126.2,2541400
2024-07-29,131.42,129.037,132.014,128.138,2915700
2024-07-30,131.687,131.658,133.131,130.392,2031200
2024-07-31,130.521,132.656,134.1,129.334,1866700
2024-08-01,127.831,131.45,132.033,126.595,2417700
2024-08-02,126.239,124.875,127.633,122.749,1964000
2024-08-05,121.977,117.745,123.955,117.122,2255000
2024-08-06,122.264,120.741,125.725,119.535,2052000
2024-08-07,118.635,124.014,125.596,118.566,2348400
2024-08-08,120.761,120.039,121.562,118.813,1261600
2024-08-09,121.641,121.394,123.283,120.445,1564100
2024-08-12,120.593,121.641,121.968,119.397,1294500
2024-08-13,122.195,121.513,123.332,120.959,1350000
2024-08-14,120.504,122.739,123.589,119.96,1683600
2024-08-15,121.147,121.621,122.017,119.149,1644000
2024-08-16,121.216,120.643,122.937,120.356,1439800
2024-08-19,123.777,122.274,123.807,121.068,1430000
2024-08-20,123.342,124.143,125.685,122.917,1390000
2024-08-21,127.099,125.636,128.237,124.954,2025500
2024-08-22,127.772,127.208,128.533,126.595,1656300
2024-08-23,133.616,129.69,134.07,128.751,2783700
2024-08-26,132.132,133.734,134.94,131.915,1386800
2024-08-27,130.105,130.916,131.539,129.561,1149400
2024-08-28,129.641,129.482,131.203,128.652,1227700
2024-08-29,128.672,129.937,130.481,127.623,1206000
2024-08-30,130.175,129.779,130.807,127.801,2317000
2024-09-03,127.347,130.214,132.706,126.13,2032200
2024-09-04,126.852,126.397,127.001,123.935,1844700
2024-09-05,126.832,127.208,127.94,125.685,1816300
2024-09-06,128.741,127.485,131.114,127.485,2570500
2024-09-09,130.125,128.553,131.569,128.009,2105400
2024-09-10,131.213,131.064,131.49,128.909,1678300
2024-09-11,129.967,129.532,130.273,126.427,1823300
2024-09-12,133.784,130.451,134.021,130.343,1466900
2024-09-13,137.976,135.465,139.192,135.465,1968600
2024-09-16,138.49,139.153,139.598,136.275,1810300
2024-09-17,139.084,139.619,140.045,137.51,1453500
2024-09-18,139.609,139.451,142.768,137.371,2211600
2024-09-19,143.56,143.451,144.412,139.837,2182400
2024-09-20,140.471,141.877,142.402,139.51,7599500
2024-09-23,142.134,141.639,142.411,138.807,1582700
2024-09-24,141.857,141.352,142.808,140.609,1958300
2024-09-25,139.084,140.609,141.342,138.728,1641200
2024-09-26,138.599,140.51,140.708,138.302,1202800
2024-09-27,141.768,140.134,143.194,139.213,1343800
2024-09-30,142.124,141.243,142.293,139.797,1249800
2024-10-01,143.194,142.926,144.115,141.392,1305900
2024-10-02,141.897,141.629,142.6,140.263,1072600
2024-10-03,141.57,141.59,142.402,139.708,1124100
2024-10-04,138.074,142.213,142.213,136.46,1457700
2024-10-07,138.064,136.361,138.54,135.232,1766100
2024-10-08,138.797,138.876,140.54,137.579,977400
2024-10-09,138.025,138.966,139.471,137.183,1253100
2024-10-10,137.302,136.53,138.579,136.134,966200
2024-10-11,137.837,137.559,138.777,137.262,785800
2024-10-14,141.144,138.213,141.283,137.619,1087300
2024-10-15,143.204,142.075,144.937,142.075,1397400
2024-10-16,145.362,144.818,146.016,144.342,1246300
2024-10-17,144.531,145.362,145.857,144.035,1430500
2024-10-18,147.58,145.758,147.858,144.679,1657100
2024-10-21,142.847,147.293,148.006,142.421,2396600
2024-10-22,132.5,137.223,138.144,132.47,3692800
2024-10-23,131.856,131.381,133.807,130.678,2521200
2024-10-24,134.51,132.935,135.332,132.559,2026300
2024-10-25,131.173,134.678,134.945,131.074,1655400
2024-10-28,132.569,132.698,133.916,131.539,1328500
2024-10-29,128.311,123.37,128.786,120.884,3715700
2024-10-30,128.984,127.737,130.707,127.311,1405900
2024-10-31,128.261,128.212,129.41,127.311,1858600
2024-11-01,127.123,129.905,131.202,126.954,1809900
2024-11-04,128.222,128.054,131.202,127.945,1801100
2024-11-05,131.955,127.133,132.054,126.746,1546600
2024-11-06,127.905,125.35,128.39,123.122,3670900
2024-11-07,129.875,127.737,130.876,127.519,1590200
2024-11-08,131.4,129.915,133.173,129.915,1599200
2024-11-11,132.153,132.222,133.42,131.084,1055900
2024-11-12,127.608,131.252,131.925,127.36,1909000
2024-11-13,126.232,129.717,130.113,125.974,1861600
2024-11-14,128.172,127.301,129.806,126.697,1422400
2024-11-15,127.628,127.786,128.618,126.469,1510000
2024-11-18,127.311,126.737,128.281,126.212,1112400
2024-11-19,127.251,126.925,127.796,125.182,1292200
2024-11-20,126.806,127.123,127.341,125.776,1133100
2024-11-21,126.865,127.271,128.865,126.647,1510500
2024-11-22,128.489,127.895,128.727,126.548,1316700
2024-11-25,136.302,130.44,137.728,129.509,3181200
2024-11-26,134.272,134.975,136.054,132.49,1520800
2024-11-27,135.193,136.589,137.173,134.906,1270800
2024-11-29,133.945,136.648,137.946,133.916,1072700
2024-12-02,133.816,133.599,134.757,132.153,1615500
2024-12-03,132.688,134.5,134.807,132.628,880800
2024-12-04,128.034,131.024,131.757,127.519,1898100
2024-12-05,126.618,128.063,128.549,126.321,1574300
2024-12-06,125.578,128.677,129.45,124.142,1698000
2024-12-09,127.212,126.529,127.331,125.212,1803000
2024-12-10,124.112,124.538,125.707,122.795,2149500
2024-12-11,120.716,124.667,124.776,120.221,2636700
2024-12-12,119.508,119.27,120.746,119.181,1898300
2024-12-13,117.26,118.478,118.627,115.874,2174700
2024-12-16,115.894,117.102,118.656,115.418,2077700
2024-12-17,114.971,116.003,117.054,114.277,2155800
2024-12-18,110.408,115.477,115.983,110.289,3173300
2024-12-19,108.027,107.044,109.842,106.36,3831600
2024-12-20,109.644,108.304,110.298,107.709,4865700
2024-12-23,109.257,109.078,109.703,108.136,1477300
2024-12-24,109.872,108.989,109.951,108.741,700900
2024-12-26,109.773,108.949,110.229,108.513,1259000
2024-12-27,108.652,108.86,110.229,108.066,990600
2024-12-30,107.997,108.384,108.543,106.846,1148200
2024-12-31,108.037,108.731,109.118,107.699,1217600
2025-01-02,106.787,109.306,109.614,106.33,1384800
2025-01-03,109.177,109.614,110.12,107.908,1934500
2025-01-06,108.066,109.832,110.755,107.749,1539800
2025-01-07,106.975,107.66,108.83,106.697,1682800
2025-01-08,109.584,107.144,109.802,105.963,2626500
2025-01-10,106.757,108.781,109.217,106.568,2041400
2025-01-13,108.126,106.469,108.215,106.201,1570500
2025-01-14,111.608,111.013,112.015,109.326,1765800
2025-01-15,115.05,116.529,116.558,113.582,2414100
2025-01-16,116.003,113.612,116.112,113.215,2252700
2025-01-17,116.102,117.64,118.066,115.487,2448200
2025-01-21,114.892,118.354,119.366,114.406,2693500
2025-01-22,115.963,114.336,116.191,113.88,1771500
2025-01-23,115.596,115.348,117.045,114.971,2159200
2025-01-24,114.773,115.437,115.636,114.197,1510500
2025-01-27,117.114,114.088,117.808,113.999,3131500
2025-01-28,114.138,116.906,117.064,113.999,2130300
2025-01-29,112.094,114.168,114.951,111.201,2965900
2025-01-30,117.57,115.457,120.348,112.501,3758800
2025-01-31,112.878,115.983,116.975,112.729,3251000
2025-02-03,108.285,110.626,110.636,107.541,3191000
2025-02-04,109.505,107.878,110.041,106.836,2560000
2025-02-05,110.447,111.558,111.747,109.564,2403100
2025-02-06,109.138,110.447,111.003,108.245,2563600
2025-02-07,105.031,108.384,108.503,104.564,2662500
2025-02-10,105.725,105.953,106.281,105.308,1963400
2025-02-11,106.479,105.229,107.64,104.515,2326800
2025-02-12,105.16,103.493,105.219,102.878,2274700
2025-02-13,105.854,105.656,106.35,104.624,1594600
2025-02-14,106.578,106.548,108.493,105.953,1519300
2025-02-18,104.763,106.102,106.628,103.691,1642500
2025-02-19,104.029,101.707,104.197,100.328,2294600
2025-02-20,105.001,103.572,105.229,103.146,1694300
2025-02-21,102.292,105.546,105.656,101.39,1818700
2025-02-24,100.894,102.382,102.412,99.743,2296700
2025-02-25,105.388,101.806,105.993,101.003,2894400
2025-02-26,103.622,104.832,105.09,102.848,1734200
2025-02-27,102.104,103.096,104.634,101.975,1392600
2025-02-28,102.461,102.084,103.404,101.231,3722400
2025-03-03,101.221,102.322,103.681,100.606,1921600
2025-03-04,102.084,100.507,103.354,100.209,3381400
2025-03-05,105.13,103.175,105.824,102.044,2866000
2025-03-06,107.412,105.824,108.225,105.437,2776800
2025-03-07,107.054,107.838,108.562,105.427,2461700
2025-03-10,106.548,106.41,110.17,105.953,2653200
2025-03-11,105.001,106.092,107.054,103.979,2157600
2025-03-12,102.709,105.358,105.705,101.717,2672500
2025-03-13,100.288,102.511,103.622,99.921,2211800
2025-03-14,102.124,101.509,102.302,100.269,1791300
2025-03-17,103.066,102.56,103.731,102.114,1527900
2025-03-18,102.887,103.056,104.21,102.301,1355600
2025-03-19,104.508,102.768,105.303,102.47,2047700
2025-03-20,104.727,104.1,106.894,104.1,2090500
2025-03-21,102.122,101.893,103.146,99.766,8818500
2025-03-24,105.234,102.748,105.343,102.669,1859200
2025-03-25,104.707,103.693,106.317,102.569,1979900
2025-03-26,104.607,104.806,106.138,103.563,1248700
2025-03-27,104.428,104.558,105.542,103.872,1143400
2025-03-28,101.148,104.935,104.935,100.829,1413000
2025-03-31,102.201,100.809,103.007,99.0,1717300
2025-04-01,102.44,102.917,103.126,101.008,1562400
2025-04-02,103.722,101.336,103.782,101.078,1431100
2025-04-03,97.181,99.706,100.859,96.336,2705600
2025-04-04,100.65,95.282,103.464,94.586,3953800
2025-04-07,95.58,98.493,100.859,94.785,3507900
2025-04-08,91.484,97.549,98.503,90.062,2569000
2025-04-09,96.604,89.476,98.245,87.557,3324800
2025-04-10,93.134,94.725,95.391,90.271,2409000
2025-04-11,93.979,92.558,93.999,89.287,2580000
2025-04-14,94.884,95.839,95.839,93.284,1903900
2025-04-15,94.238,94.825,96.107,93.552,1725900
2025-04-16,92.319,94.397,95.361,91.454,1647500
2025-04-17,94.397,92.975,95.033,92.548,2870600
2025-04-21,92.568,93.482,93.711,91.226,2666100
2025-04-22,100.302,95.441,100.829,94.377,3688900
2025-04-23,100.471,103.066,105.005,100.044,2422000
2025-04-24,102.251,100.65,102.559,98.901,1940300
2025-04-25,101.287,101.307,101.814,100.173,1861800
2025-04-28,101.824,101.257,102.559,100.69,1885100
2025-04-29,101.148,100.909,101.893,100.004,1551600
2025-04-30,101.983,100.074,102.102,98.781,1733800
2025-05-01,101.297,102.241,103.414,100.869,1576900
2025-05-02,103.852,102.201,103.971,101.714,1439500
2025-05-05,103.066,103.454,104.21,102.708,1537600
2025-05-06,100.253,102.022,103.494,100.124,1571700
2025-05-07,100.73,101.356,101.595,100.253,1652800
2025-05-08,102.758,101.853,103.812,101.525,1525900
2025-05-09,101.873,103.066,103.066,101.446,1157200
2025-05-12,105.92,106.665,108.176,103.931,1967300
2025-05-13,105.83,106.954,107.371,105.731,1951700
2025-05-14,101.466,105.094,105.591,101.247,2237400
2025-05-15,102.172,101.655,102.251,99.467,1795500
2025-05-16,103.802,102.152,104.1,101.664,1402100
2025-05-19,102.47,101.237,103.007,101.008,1580000
2025-05-20,100.72,101.814,102.639,100.412,1283300
2025-05-21,98.523,99.964,100.939,98.066,2730400
2025-05-22,98.006,97.966,98.254,96.694,2317700
2025-05-23,97.638,96.793,98.026,96.445,1389700
2025-05-27,99.984,98.831,100.133,97.797,1975100
2025-05-28,97.141,99.447,99.736,96.853,1815700
2025-05-29,97.966,98.245,98.314,96.823,1520200
2025-05-30,97.459,97.718,98.215,96.873,3156100
2025-06-02,96.982,96.425,97.34,94.646,1547900
2025-06-03,98.095,96.813,98.235,95.898,1650900
2025-06-04,101.277,98.245,101.714,98.076,2063700
2025-06-05,101.048,100.79,101.893,100.163,1201600
2025-06-06,99.646,101.515,101.655,99.507,1396300
2025-06-09,100.879,100.372,101.625,99.298,1098000
2025-06-10,104.418,102.152,104.627,101.167,2169600
2025-06-11,102.818,105.91,107.272,102.579,1765200
2025-06-12,103.543,102.311,103.991,101.247,1367900
2025-06-13,101.018,102.102,103.653,100.133,1599600
2025-06-16,101.824,102.321,102.321,100.352,1752600
2025-06-17,98.356,102.162,103.667,97.958,1953300
2025-06-18,98.775,97.918,99.911,97.908,1915700
2025-06-20,101.096,99.233,101.614,99.084,3054700
2025-06-23,104.464,100.329,104.653,100.329,2007000
2025-06-24,105.101,104.464,106.028,103.607,2578300
2025-06-25,103.179,104.344,105.091,102.71,1667800
2025-06-26,104.055,103.687,104.155,101.794,1731300
2025-06-27,105.131,104.434,106.168,103.956,2996000
2025-06-30,105.072,105.57,105.968,103.876,1635100
2025-07-01,109.535,104.484,111.827,103.657,3341500
2025-07-02,110.93,109.734,111.707,108.927,2498500
2025-07-03,108.957,111.558,111.767,108.399,1616100
2025-07-07,107.742,108.698,109.435,106.676,1710200
2025-07-08,108.479,107.453,109.445,106.984,1947800
2025-07-09,113.351,109.156,113.919,108.648,3865100
2025-07-10,114.756,112.962,115.991,112.703,2533400
2025-07-11,113.849,113.241,114.766,112.584,2650500
2025-07-14,112.424,113.172,114.148,110.591,2961100
2025-07-15,107.602,112.843,113.58,107.522,2495900
2025-07-16,108.887,108.08,109.824,106.765,2301200
2025-07-17,108.877,108.499,109.655,108.24,2120000
2025-07-18,108.26,109.675,110.272,107.513,1941100
2025-07-21,108.25,109.117,109.934,107.921,2211000
2025-07-22,120.724,117.296,121.182,115.244,5151100
2025-07-23,118.841,121.67,122.039,118.183,2785400
2025-07-24,115.603,117.954,118.701,115.354,2154600
2025-07-25,115.921,115.633,116.479,114.168,1415000
2025-07-28,116.39,115.712,117.177,114.507,1569100
2025-07-29,116.629,116.44,117.376,115.513,1630600
2025-07-30,112.942,116.33,117.167,111.996,1932600
2025-07-31,112.504,111.448,113.371,111.089,1932300
2025-08-01,116.32,114.636,116.948,114.009,2028900
2025-08-04,118.92,116.569,119.419,116.42,1965700
2025-08-05,120.574,118.691,121.7,118.691,1856500
2025-08-06,119.787,120.973,121.989,119.697,1655500
2025-08-07,120.226,121.052,123.075,119.927,1611100
2025-08-08,121.192,120.534,121.949,120.206,1495000
2025-08-11,119.757,121.71,122.527,117.924,1651400
2025-08-12,122.876,120.734,123.264,118.96,2446000
2025-08-13,129.481,123.892,130.597,123.503,3062200
2025-08-14,128.077,126.303,128.316,125.636,2495900
2025-08-15,128.216,130.906,131.016,127.319,1920200
2025-08-18,127.738,128.306,129.003,127.578,1556900
2025-08-19,129.89,128.874,130.926,128.405,1818700
2025-08-20,126.074,129.521,130.547,125.685,2065100
2025-08-21,124.908,125.098,125.277,122.786,1450000
2025-08-22,131.843,125.895,133.178,124.47,2943700
2025-08-25,131.793,130.677,132.401,130.059,3012300
2025-08-26,130.647,131.872,132.012,130.438,2520200
2025-08-27,130.547,130.219,131.324,129.521,1369900
2025-08-28,130.986,131.404,131.504,129.113,1133800
2025-08-29,131.534,130.996,131.683,129.87,1344300
2025-09-02,131.603,129.422,131.972,128.854,1443200
2025-09-03,132.809,131.125,134.523,130.757,2042300
2025-09-04,137.103,134.313,137.631,133.905,2280600
2025-09-05,140.052,139.923,141.587,138.608,2190500
2025-09-08,140.899,139.235,141.208,138.089,1905200
2025-09-09,136.216,139.943,141.268,133.716,3122900
2025-09-10,134.911,136.695,136.794,133.765,2184400
2025-09-11,138.149,136.047,139.175,135.419,1736000
2025-09-12,136.595,136.874,138.358,135.908,1266200
2025-09-15,134.343,137.322,137.322,133.118,2008100
2025-09-16,133.595,134.583,135.052,131.11,2257800
2025-09-17,133.824,134.703,138.764,131.908,2323700
2025-09-18,133.824,134.034,134.862,132.577,1830900
2025-09-19,131.629,132.148,133.665,130.192,5783600
2025-09-22,128.974,131.0,132.008,128.096,2172700
2025-09-23,129.783,129.533,130.401,128.386,1316600
2025-09-24,130.631,128.575,132.387,128.535,1720200
2025-09-25,128.475,128.276,131.24,127.917,2147900
2025-09-26,130.88,129.164,131.789,128.645,1099400
2025-09-29,132.866,131.609,133.355,130.322,1361600
2025-09-30,131.858,131.908,133.276,129.883,1719200
2025-10-01,134.164,132.896,134.683,131.858,1585200
2025-10-02,134.603,133.745,134.922,132.377,1449400
2025-10-03,137.327,134.962,138.046,134.822,1619200
2025-10-06,135.202,137.437,137.816,133.874,1419500
2025-10-07,129.334,132.258,132.457,128.236,2809500
2025-10-08,127.398,129.932,130.132,126.07,2667700
2025-10-09,121.16,125.991,126.34,120.372,4278000
2025-10-10,119.793,121.16,121.959,119.454,2866900
2025-10-13,120.242,119.793,120.242,118.366,2604800
2025-10-14,124.633,119.514,125.092,119.155,2632300
2025-10-15,124.424,124.364,126.669,124.184,1671400
2025-10-16,123.625,124.424,124.763,121.57,2481800
2025-10-17,124.194,123.456,124.683,122.727,2391400
2025-10-20,123.017,124.504,125.661,122.787,4499000
2025-10-21,123.017,115.662,124.534,114.873,4706800
2025-10-22,119.963,121.47,123.146,119.694,2630100
2025-10-23,120.612,120.312,121.659,119.095,1661400
2025-10-24,120.282,122.458,122.957,120.252,1774500
2025-10-27,120.053,121.43,121.739,119.893,1508000
2025-10-28,120.492,116.78,121.649,115.173,2354200
2025-10-29,117.987,119.015,121.25,116.101,2879600
2025-10-30,118.795,117.578,120.073,117.318,2092300
2025-10-31,119.624,117.678,120.302,116.859,2308500
2025-11-03,118.516,119.604,119.604,117.678,2421100
2025-11-04,119.394,117.777,119.973,117.478,1649600
2025-11-05,119.214,119.544,120.412,118.306,1863000
2025-11-06,118.686,119.833,120.113,118.516,1241900
2025-11-07,119.514,118.306,119.574,117.498,2675000
2025-11-10,119.923,119.224,120.352,117.817,1692800
2025-11-11,120.971,120.781,121.39,119.254,1611800
2025-11-12,120.382,120.841,122.468,120.043,1244500
2025-11-13,118.177,119.015,120.841,118.137,1496300
2025-11-14,118.127,118.157,120.811,117.887,1340200
2025-11-17,113.646,117.668,117.817,113.466,1857100
2025-11-18,113.257,112.768,114.015,111.421,2082400
2025-11-19,113.526,113.796,114.245,112.548,1387300
2025-11-20,114.115,114.404,115.772,113.307,1451800
2025-11-21,120.073,115.063,121.44,115.023,2348100
2025-11-24,119.035,119.554,119.853,117.907,2195800
2025-11-25,125.452,120.532,126.09,119.664,2286200
2025-11-26,127.328,125.033,127.677,125.013,1429100
2025-11-28,126.929,127.168,127.687,126.42,675500
2025-12-01,126.919,126.949,128.096,126.05,1420800
2025-12-02,126.29,126.799,127.118,124.823,1750400
2025-12-03,130.062,126.689,130.222,126.659,1450700
2025-12-04,127.627,130.092,131.29,127.288,1594000
2025-12-05,126.729,128.495,129.114,126.499,1205000
2025-12-08,124.623,126.06,126.19,123.905,1291900
2025-12-09,122.787,123.246,124.683,122.608,1695100
2025-12-10,127.637,123.605,127.956,123.605,1882800
2025-12-11,127.308,128.306,129.952,127.108,1508500
2025-12-12,126.17,127.577,127.817,125.322,1280000
2025-12-15,126.25,127.767,127.897,125.581,1396700
2025-12-16,124.39,126.72,127.25,122.55,2170300
2025-12-17,122.8,122.6,125.11,120.56,2033100
2025-12-18,121.66,124.2,124.84,121.12,2694900
2025-12-19,119.74,119.99,120.21,118.16,5550100
2025-12-22,119.11,119.8,120.03,118.65,1269300
2025-12-23,117.38,119.52,119.62,116.34,2967000
2025-12-24,119.35,117.0,119.85,116.93,891400
2025-12-26,119.2,119.66,119.9,118.19,790600
2025-12-29,118.69,118.06,119.47,118.03,1270900
2025-12-30,118.13,118.42,118.61,117.19,1732700
